0,0,0.21,0,0,0,0.09,0.07,0,0.09,-0.07,0,-0.09,0.07,0,-0.09,-0.07,1.39066e-309
3.89034e-05,-4.45483e-05,0.209996,-0.000312731,-0.000229937,-0.000232483,0.09,0.07,0,0.09,-0.07,0,-0.09,0.07,0,-0.09,-0.07,1.39066e-309
0.000152978,-0.000176164,0.20999,-0.001146,-0.000852648,-0.000917736,0.09,0.07,0,0.09,-0.07,0,-0.09,0.07,0,-0.09,-0.07,1.39066e-309
0.000338271,-0.000391802,0.209992,-0.00234242,-0.00176748,-0.00203747,0.09,0.07,0,0.09,-0.07,0,-0.09,0.07,0,-0.09,-0.07,1.39066e-309
0.000590829,-0.000688419,0.210013,-0.00374462,-0.00287378,-0.00357338,0.09,0.07,0,0.09,-0.07,0,-0.09,0.07,0,-0.09,-0.07,1.39066e-309
0.000906698,-0.00106297,0.210061,-0.0051952,-0.0040709,-0.00550718,0.09,0.07,0,0.09,-0.07,0,-0.09,0.07,0,-0.09,-0.07,1.39066e-309
0.00128193,-0.00151241,0.210147,-0.00653678,-0.00525819,-0.00782057,0.09,0.07,0,0.09,-0.07,0,-0.09,0.07,0,-0.09,-0.07,1.39066e-309
0.00171256,-0.0020337,0.21028,-0.00761198,-0.00633498,-0.0104953,0.09,0.07,0,0.09,-0.07,0,-0.09,0.07,0,-0.09,-0.07,1.39066e-309
0.00219464,-0.00262379,0.21047,-0.00826342,-0.00720065,-0.013513,0.09,0.07,0,0.09,-0.07,0,-0.09,0.07,0,-0.09,-0.07,1.39066e-309
0.00272423,-0.00327963,0.210728,-0.00833371,-0.00775452,-0.0168554,0.09,0.07,0,0.09,-0.07,0,-0.09,0.07,0,-0.09,-0.07,1.39066e-309
0.00329736,-0.00399819,0.211063,-0.00766546,-0.00789595,-0.0205042,0.09,0.07,0,0.09,-0.07,0,-0.09,0.07,0,-0.09,-0.07,1.39066e-309
0.00390951,-0.00477622,0.211481,-0.00615926,-0.00755117,-0.0244392,0.09,0.07,0,0.09,-0.07,0,-0.09,0.07,0,-0.09,-0.07,1.39066e-309
0.00455392,-0.00560974,0.21198,-0.00394752,-0.00675397,-0.0286325,0.09,0.07,0,0.09,-0.07,0,-0.09,0.07,0,-0.09,-0.07,1.39066e-309
0.00522323,-0.00649456,0.212551,-0.00122063,-0.00556501,-0.033054,0.09,0.07,0,0.09,-0.07,0,-0.09,0.07,0,-0.09,-0.07,1.39066e-309
0.0059101,-0.00742648,0.213189,0.00183104,-0.00404496,-0.0376738,0.09,0.07,0,0.09,-0.07,0,-0.09,0.07,0,-0.09,-0.07,1.39066e-309
0.00660719,-0.00840133,0.213887,0.00501709,-0.00225449,-0.0424622,0.09,0.07,0,0.09,-0.07,0,-0.09,0.07,0,-0.09,-0.07,1.39066e-309
0.00730716,-0.00941492,0.214637,0.00814715,-0.00025427,-0.047389,0.09,0.07,0,0.09,-0.07,0,-0.09,0.07,0,-0.09,-0.07,1.39066e-309
0.00800266,-0.0104631,0.215433,0.0110308,0.00189504,-0.0524244,0.09,0.07,0,0.09,-0.07,0,-0.09,0.07,0,-0.09,-0.07,1.39066e-309
0.00868636,-0.0115416,0.216269,0.0134778,0.00413277,-0.0575385,0.09,0.07,0,0.09,-0.07,0,-0.09,0.07,0,-0.09,-0.07,1.39066e-309
0.0093509,-0.0126462,0.217136,0.0152976,0.00639824,-0.0627014,0.09,0.07,0,0.09,-0.07,0,-0.09,0.07,0,-0.09,-0.07,1.39066e-309
0.00998894,-0.0137729,0.21803,0.0162998,0.0086308,-0.0678831,0.09,0.07,0,0.09,-0.07,0,-0.09,0.07,0,-0.09,-0.07,1.39066e-309
0.0105944,-0.0149177,0.218943,0.0163542,0.0107708,-0.0730521,0.09,0.07,0,0.09,-0.07,0,-0.09,0.07,0,-0.09,-0.07,1.39066e-309
0.0111661,-0.0160775,0.219876,0.0155706,0.0127628,-0.0781703,0.09,0.07,0,0.09,-0.07,0,-0.09,0.07,0,-0.09,-0.07,1.39066e-309
0.0117041,-0.0172497,0.220831,0.0141187,0.0145524,-0.0831978,0.09,0.07,0,0.09,-0.07,0,-0.0898815,0.0700288,0.000210245,-0.09,-0.07,1.39066e-309
0.0122086,-0.0184316,0.221809,0.0121684,0.0160852,-0.088095,0.09,0.07,0,0.09,-0.07,0,-0.0890822,0.0702231,0.00160869,-0.09,-0.07,1.39066e-309
0.0126795,-0.0196205,0.222811,0.00988952,0.0173067,-0.092822,0.09,0.07,0,0.09,-0.07,0,-0.0876047,0.0705823,0.00414465,-0.09,-0.07,1.39066e-309
0.013117,-0.0208137,0.223839,0.00745194,0.0181626,-0.0973391,0.09,0.07,0,0.09,-0.07,0,-0.0855368,0.0710849,0.00761376,-0.09,-0.07,1.39066e-309
0.0135213,-0.0220085,0.224894,0.00502545,0.0185983,-0.101607,0.09,0.07,0,0.09,-0.07,0,-0.0829668,0.0717097,0.0118116,-0.09,-0.07,1.39066e-309
0.0138923,-0.0232021,0.225977,0.00277991,0.0185596,-0.105585,0.09,0.07,0,0.09,-0.07,0,-0.0799826,0.0724351,0.0165339,-0.09,-0.07,1.39066e-309
0.0142301,-0.0243919,0.22709,0.000885144,0.017992,-0.109233,0.09,0.07,0,0.09,-0.07,0,-0.0766724,0.0732398,0.0215762,-0.09,-0.07,1.39066e-309
0.0145349,-0.0255751,0.228234,-0.000489016,0.016841,-0.112513,0.09,0.07,0,0.09,-0.07,0,-0.0731242,0.0741023,0.0267342,-0.09,-0.07,1.39066e-309
0.0148081,-0.0267477,0.229407,-0.00121252,0.0150776,-0.115394,0.09,0.07,0,0.09,-0.07,0,-0.0694261,0.0750013,0.0318034,-0.09,-0.07,1.39066e-309
0.0150572,-0.0279003,0.230594,-0.00131451,0.0127736,-0.117888,0.09,0.07,0,0.09,-0.07,0,-0.0656661,0.0759153,0.0365796,-0.09,-0.07,1.39066e-309
0.0152909,-0.0290219,0.231774,-0.000863888,0.0100262,-0.120016,0.09,0.07,0,0.09,-0.07,0,-0.0619324,0.0768229,0.0408582,-0.09,-0.07,1.39066e-309
0.0155181,-0.0301019,0.232929,7.0418e-05,0.00693255,-0.1218,0.09,0.07,0,0.09,-0.07,0,-0.0583129,0.0777028,0.044435,-0.09,-0.07,1.39066e-309
0.0157476,-0.0311293,0.234039,0.00141949,0.00358989,-0.123261,0.09,0.07,0,0.09,-0.07,0,-0.0548958,0.0785334,0.0471056,-0.09,-0.07,1.39066e-309
0.0159881,-0.0320935,0.235084,0.00311441,9.53497e-05,-0.124421,0.09,0.07,0,0.09,-0.07,0,-0.0517692,0.0792935,0.0486656,-0.09,-0.07,1.39066e-309
0.0162486,-0.0329834,0.236045,0.00508626,-0.00345389,-0.125301,0.09,0.07,0,0.09,-0.07,0,-0.0489752,0.0799727,0.0489129,-0.09,-0.07,1.39066e-309
0.0165378,-0.0337884,0.236904,0.00726611,-0.00696065,-0.125922,0.09,0.07,0,0.09,-0.07,0,-0.0459722,0.0807027,0.0477941,-0.09,-0.07,1.39066e-309
0.0168644,-0.0344977,0.237639,0.00958505,-0.0103278,-0.126307,0.09,0.07,0,0.09,-0.07,0,-0.0426476,0.0815108,0.0454926,-0.09,-0.07,1.39066e-309
0.0172375,-0.0351003,0.238233,0.0119742,-0.0134581,-0.126476,0.09,0.07,0,0.09,-0.07,0,-0.0390896,0.0823758,0.0422126,-0.09,-0.07,1.39066e-309
0.0176637,-0.035587,0.23867,0.0143668,-0.0162644,-0.126451,0.09,0.07,0,0.09,-0.07,0,-0.0353862,0.083276,0.0381585,-0.09,-0.07,1.39066e-309
0.018142,-0.0359545,0.238957,0.0167054,-0.0186997,-0.126255,0.0901536,0.0699833,0.000219901,0.09,-0.07,0,-0.0316254,0.0841902,0.0335348,-0.09,-0.07,1.39066e-309
0.0186695,-0.0362011,0.239105,0.0189348,-0.0207269,-0.125909,0.0907276,0.0699208,0.00102737,0.09,-0.07,0,-0.0278954,0.085097,0.0285458,-0.09,-0.07,1.39066e-309
0.0192431,-0.0363248,0.239126,0.0209997,-0.022309,-0.125435,0.0916986,0.0698151,0.00236315,0.09,-0.07,0,-0.0242841,0.0859748,0.0233958,-0.09,-0.07,1.39066e-309
0.0198599,-0.036324,0.239031,0.0228447,-0.0234091,-0.124857,0.0930365,0.0696695,0.00415872,0.09,-0.07,0,-0.0208798,0.0868024,0.0182893,-0.09,-0.07,1.39066e-309
0.0205167,-0.0361968,0.238832,0.0244147,-0.02399,-0.124195,0.0947116,0.0694871,0.00634557,0.09,-0.07,0,-0.0177704,0.0875582,0.0134306,-0.09,-0.07,1.39066e-309
0.0212107,-0.0359415,0.238539,0.0256545,-0.0240147,-0.123473,0.0966939,0.0692714,0.00885519,0.09,-0.07,0,-0.015044,0.088221,0.00902413,-0.09,-0.07,1.39066e-309
0.0219388,-0.0355563,0.238164,0.0265087,-0.0234461,-0.122712,0.0989535,0.0690254,0.0116191,0.09,-0.07,0,-0.0127886,0.0887692,0.0052742,-0.09,-0.07,1.39066e-309
0.022698,-0.0350394,0.23772,0.026922,-0.0222474,-0.121935,0.10146,0.0687525,0.0145687,0.09,-0.07,0,-0.0110925,0.0891816,0.00238521,-0.09,-0.07,1.39066e-309
0.0234853,-0.0343889,0.237215,0.0268393,-0.0203814,-0.121163,0.104185,0.068456,0.0176355,0.09,-0.07,0,-0.0100435,0.0894366,0.000561541,-0.09,-0.07,1.39066e-309
0.0242975,-0.0336043,0.236663,0.0262216,-0.0178367,-0.120418,0.107097,0.068139,0.0207511,0.09,-0.07,0,-0.00972566,0.0895138,-1.17173e-11,-0.09,-0.07,1.39066e-309
0.0251301,-0.0326899,0.236066,0.025095,-0.014705,-0.119711,0.110167,0.0678048,0.0238469,0.09,-0.07,0,-0.00972566,0.0895138,-1.17173e-11,-0.09,-0.07,1.39066e-309
0.0259786,-0.031651,0.235429,0.0235022,-0.0111035,-0.119051,0.113365,0.0674568,0.0268543,0.09,-0.07,0,-0.00972566,0.0895138,-1.17173e-11,-0.09,-0.07,1.39066e-309
0.0268383,-0.030493,0.234756,0.0214856,-0.00714933,-0.11845,0.11666,0.0670981,0.029705,0.09,-0.07,0,-0.00972566,0.0895138,-1.17173e-11,-0.09,-0.07,1.39066e-309
0.0277047,-0.0292213,0.234051,0.0190877,-0.00295978,-0.117918,0.120024,0.0667319,0.0323303,0.09,-0.07,0,-0.00972566,0.0895138,-1.17173e-11,-0.09,-0.07,1.39066e-309
0.0285731,-0.0278414,0.233317,0.016351,0.00134793,-0.117463,0.123426,0.0663617,0.0346617,0.09,-0.07,0,-0.00972566,0.0895138,-1.17173e-11,-0.09,-0.07,1.39066e-309
0.029439,-0.0263587,0.232558,0.0133181,0.00565658,-0.117097,0.126836,0.0659905,0.0366308,0.09,-0.07,0,-0.00972566,0.0895138,-1.17173e-11,-0.09,-0.07,1.39066e-309
0.0302976,-0.0247785,0.231779,0.0100315,0.00984893,-0.116829,0.130224,0.0656217,0.0381691,0.09,-0.07,0,-0.00972566,0.0895138,-1.17173e-11,-0.09,-0.07,1.39066e-309
0.0311444,-0.0231062,0.230983,0.00653371,0.0138078,-0.11667,0.13356,0.0652585,0.0392079,0.09,-0.07,0,-0.00972566,0.0895138,-1.17173e-11,-0.09,-0.07,1.39066e-309
0.0319748,-0.0213474,0.230174,0.00286719,0.0174158,-0.116629,0.136816,0.0649042,0.0396789,0.09,-0.07,0,-0.00972566,0.0895138,-1.17173e-11,-0.09,-0.07,1.39066e-309
0.0327853,-0.0195076,0.229357,-0.000910433,0.0205714,-0.116716,0.140026,0.0645548,0.0395229,0.09,-0.07,0,-0.00972566,0.0895138,-1.17173e-11,-0.09,-0.07,1.39066e-309
0.0335771,-0.017594,0.228546,-0.00468131,0.0232341,-0.11694,0.143325,0.0641957,0.0387645,0.09,-0.07,0,-0.00972566,0.0895138,-1.17173e-11,-0.09,-0.07,1.39066e-309
0.0343526,-0.0156138,0.227753,-0.00831251,0.0253795,-0.11731,0.14669,0.0638293,0.0374719,0.09,-0.07,0,-0.00972566,0.0895138,-1.17173e-11,-0.09,-0.07,1.39066e-309
0.0351141,-0.0135746,0.226995,-0.0116711,0.0269826,-0.117833,0.150093,0.063459,0.0357136,0.09,-0.07,0,-0.00972566,0.0895138,-1.17173e-11,-0.09,-0.07,1.39066e-309
0.0358638,-0.0114835,0.226285,-0.0146242,0.0280188,-0.118518,0.153503,0.0630878,0.033558,0.09,-0.07,0,-0.00972566,0.0895138,-1.17173e-11,-0.09,-0.07,1.39066e-309
0.0366043,-0.00934808,0.225638,-0.0170388,0.0284633,-0.119374,0.156889,0.0627192,0.0310737,0.09,-0.07,0,-0.00972566,0.0895138,-1.17173e-11,-0.09,-0.07,1.39066e-309
0.0373378,-0.00717559,0.225068,-0.018782,0.0282914,-0.120408,0.160223,0.0623563,0.0283291,0.09,-0.07,0,-0.00972566,0.0895138,-1.17173e-11,-0.09,-0.07,1.39066e-309
0.0380666,-0.0049734,0.224589,-0.0197209,0.0274784,-0.121629,0.163474,0.0620024,0.0253929,0.09,-0.07,0,-0.00972566,0.0895138,-1.17173e-11,-0.09,-0.07,1.39066e-309
0.0387931,-0.0027489,0.224216,-0.0197225,0.0259994,-0.123047,0.166613,0.0616608,0.0223336,0.09,-0.07,0,-0.00972566,0.0895138,-1.17173e-11,-0.09,-0.07,1.39066e-309
0.0395197,-0.000509423,0.223963,-0.018654,0.0238298,-0.124668,0.169609,0.0613346,0.0192195,0.09,-0.07,0,-0.00972566,0.0895138,-1.17173e-11,-0.0899596,-0.069982,1.39066e-309
0.0402489,0.00173814,0.22384,-0.016445,0.0209717,-0.126499,0.172433,0.0610273,0.0161193,0.09,-0.07,0,-0.00972566,0.0895138,-1.17173e-11,-0.0894973,-0.0697755,1.39066e-309
0.040985,0.00398891,0.223836,-0.0132756,0.0175344,-0.12854,0.175054,0.0607419,0.0131015,0.09,-0.07,0,-0.00972566,0.0895138,-1.17173e-11,-0.0885469,-0.069351,1.39066e-309
0.041732,0.00623847,0.223935,-0.00938872,0.0136541,-0.130786,0.177444,0.0604818,0.0102345,0.09,-0.07,0,-0.00972566,0.0895138,-1.17173e-11,-0.0871441,-0.0687244,1.39066e-309
0.0424946,0.00848243,0.224123,-0.00502701,0.00946708,-0.133236,0.179571,0.0602503,0.0075869,0.09,-0.07,0,-0.00972566,0.0895138,-1.17173e-11,-0.0853244,-0.0679116,1.39066e-309
0.0432769,0.0107164,0.224385,-0.000433292,0.00510954,-0.135886,0.181406,0.0600506,0.0052272,0.09,-0.07,0,-0.00972566,0.0895138,-1.17173e-11,-0.0831234,-0.0669285,1.39066e-309
0.0440833,0.0129359,0.224704,0.00414968,0.000717671,-0.138733,0.182919,0.0598858,0.00322392,0.09,-0.07,0,-0.00972566,0.0895138,-1.17173e-11,-0.0805767,-0.065791,1.39066e-309
0.0449182,0.0151367,0.225065,0.00847914,-0.00357231,-0.141774,0.184081,0.0597594,0.00164555,0.09,-0.07,0,-0.00972566,0.0895138,-1.17173e-11,-0.0777198,-0.064515,1.39066e-309
0.045786,0.0173142,0.225453,0.0123123,-0.00762418,-0.145005,0.184861,0.0596745,0.000560619,0.09,-0.07,0,-0.00972566,0.0895138,-1.17173e-11,-0.0745884,-0.0631164,1.39066e-309
0.0466909,0.0194641,0.225852,0.0154064,-0.0113017,-0.148424,0.185229,0.0596345,3.76315e-05,0.09,-0.07,0,-0.00972566,0.0895138,-1.17173e-11,-0.071218,-0.0616109,1.39066e-309
0.0476374,0.021582,0.226248,0.0175187,-0.0144688,-0.152028,0.185255,0.0596316,-1.52195e-11,0.09,-0.07,0,-0.00972566,0.0895138,-1.17173e-11,-0.0676441,-0.0600147,1.39066e-309
0.0486289,0.0236633,0.226626,0.0184707,-0.0170198,-0.155809,0.185255,0.0596316,-1.52195e-11,0.09,-0.07,0,-0.00972566,0.0895138,-1.17173e-11,-0.0639025,-0.0583434,1.39066e-309
0.049666,0.0257026,0.226977,0.0183408,-0.0189721,-0.159745,0.185255,0.0596316,-1.52195e-11,0.09,-0.07,0,-0.00972566,0.0895138,-1.17173e-11,-0.0600285,-0.0566131,1.39066e-309
0.0507484,0.0276944,0.227295,0.0172721,-0.0203738,-0.163809,0.185255,0.0596316,-1.52195e-11,0.09,-0.07,0,-0.00972566,0.0895138,-1.17173e-11,-0.0560579,-0.0548396,1.39066e-309
0.0518757,0.029633,0.227571,0.0154071,-0.0212729,-0.167976,0.185255,0.0596316,-1.52195e-11,0.09,-0.07,0,-0.00972566,0.0895138,-1.17173e-11,-0.0520261,-0.0530388,1.39066e-309
0.0530477,0.031513,0.227799,0.0128889,-0.0217175,-0.172217,0.185255,0.0596316,-1.52195e-11,0.09,-0.07,0,-0.00972566,0.0895138,-1.17173e-11,-0.0479689,-0.0512266,1.39066e-309
0.0542639,0.0333287,0.227971,0.00986013,-0.0217555,-0.176507,0.185255,0.0596316,-1.52195e-11,0.09,-0.07,0,-0.00972566,0.0895138,-1.17173e-11,-0.0439216,-0.0494189,1.39066e-309
0.0555241,0.0350745,0.22808,0.0064637,-0.0214351,-0.18082,0.185255,0.0596316,-1.52195e-11,0.09,-0.07,0,-0.00972566,0.0895138,-1.17173e-11,-0.03992,-0.0476316,1.39066e-309
0.0568281,0.036745,0.228118,0.00284241,-0.0208042,-0.185127,0.185255,0.0596316,-1.52195e-11,0.09,-0.07,0,-0.00972566,0.0895138,-1.17173e-11,-0.0359995,-0.0458805,1.39066e-309
0.0581753,0.0383344,0.228079,-0.000860929,-0.019911,-0.189404,0.185255,0.0596316,-1.52195e-11,0.09,-0.07,0,-0.00972566,0.0895138,-1.17173e-11,-0.0321829,-0.0441758,1.39066e-309
0.0595657,0.0398373,0.227955,-0.00450349,-0.0188035,-0.193623,0.185255,0.0596316,-1.52195e-11,0.09,-0.07,0,-0.00972566,0.0895138,-1.17173e-11,-0.0283043,-0.0424434,1.39066e-309
0.0609979,0.0412485,0.227742,-0.00796419,-0.0175275,-0.197758,0.185255,0.0596316,-1.52195e-11,0.09,-0.07,0,-0.00972566,0.0895138,-1.17173e-11,-0.0243305,-0.0406685,1.39066e-309
0.0624672,0.0425645,0.227455,-0.0112088,-0.0161203,-0.201782,0.185255,0.0596316,-1.52195e-11,0.09,-0.07,0,-0.00972566,0.0895138,-1.17173e-11,-0.020297,-0.0388669,1.39066e-309
0.0639681,0.0437821,0.227113,-0.0142249,-0.0146172,-0.205669,0.185255,0.0596316,-1.52195e-11,0.09,-0.07,0,-0.00972566,0.0895138,-1.17173e-11,-0.0162394,-0.0370546,1.39066e-309
0.0654949,0.0448981,0.226734,-0.0169999,-0.0130531,-0.209393,0.185255,0.0596316,-1.52195e-11,0.09,-0.07,0,-0.00972566,0.0895138,-1.17173e-11,-0.0121933,-0.0352474,1.39066e-309
0.0670421,0.0459095,0.226337,-0.0195213,-0.0114633,-0.212928,0.185255,0.0596316,-1.52195e-11,0.09,-0.07,0,-0.00972566,0.0895138,-1.17173e-11,-0.00819431,-0.0334612,1.39066e-309
0.0686041,0.046813,0.225939,-0.0217768,-0.00988284,-0.216246,0.185255,0.0596316,-1.52195e-11,0.09,-0.07,0,-0.00972566,0.0895138,-1.17173e-11,-0.0042779,-0.0317119,1.39066e-309
0.0701752,0.0476057,0.22556,-0.0237537,-0.00834687,-0.219322,0.185255,0.0596316,-1.52195e-11,0.09,-0.07,0,-0.00972566,0.0895138,-1.17173e-11,-0.000479697,-0.0300154,1.39066e-309
0.0717499,0.0482842,0.225217,-0.0254397,-0.00689051,-0.222128,0.185255,0.0596316,-1.52195e-11,0.09,-0.07,0,-0.00972566,0.0895138,-1.17173e-11,0.00316472,-0.0283876,1.39066e-309
0.0733226,0.0488455,0.22493,-0.0268222,-0.0055489,-0.22464,0.185255,0.0596316,-1.52195e-11,0.0902787,-0.0699576,0.00024671,-0.00972566,0.0895138,-1.17173e-11,0.00661978,-0.0268444,1.39066e-309
0.0748877,0.0492865,0.224717,-0.0278888,-0.00435717,-0.22683,0.185255,0.0596316,-1.52195e-11,0.0911527,-0.0698245,0.00100615,-0.00972566,0.0895138,-1.17173e-11,0.00984991,-0.0254017,1.39066e-309
0.0764397,0.049605,0.224591,-0.0286282,-0.00333472,-0.228676,0.185255,0.0596316,-1.52195e-11,0.0925807,-0.069607,0.0022194,-0.00972566,0.0895138,-1.17173e-11,0.0128195,-0.0240753,1.39066e-309
0.0779743,0.0498029,0.224547,-0.0290345,-0.00243808,-0.230173,0.185255,0.0596316,-1.52195e-11,0.0945207,-0.0693115,0.00382675,-0.00972566,0.0895138,-1.17173e-11,0.0154931,-0.0228811,1.39066e-309
0.079487,0.0498831,0.224576,-0.0291029,-0.00160807,-0.231317,0.185255,0.0596316,-1.52195e-11,0.0969306,-0.0689445,0.00576844,-0.00972566,0.0895138,-1.17173e-11,0.0178349,-0.0218351,1.39066e-309
0.0809737,0.0498484,0.224666,-0.0288289,-0.000785497,-0.232107,0.185255,0.0596316,-1.52195e-11,0.0997683,-0.0685123,0.00798476,-0.00972566,0.0895138,-1.17173e-11,0.0198096,-0.0209532,1.39066e-309
0.0824299,0.0497019,0.224809,-0.0282077,8.88253e-05,-0.232542,0.185255,0.0596316,-1.52195e-11,0.102992,-0.0680214,0.010416,-0.00972566,0.0895138,-1.17173e-11,0.0213814,-0.0202511,1.39066e-309
0.0838514,0.0494463,0.224993,-0.0272345,0.00107409,-0.232618,0.185255,0.0596316,-1.52195e-11,0.106559,-0.0674782,0.0130023,-0.00972566,0.0895138,-1.17173e-11,0.0225149,-0.0197448,1.39066e-309
0.0852338,0.0490845,0.22521,-0.0259048,0.00222947,-0.232335,0.185255,0.0596316,-1.52195e-11,0.110427,-0.0668891,0.0156841,-0.00972566,0.0895138,-1.17173e-11,0.0231743,-0.0194503,1.39066e-309
0.0865729,0.0486195,0.225449,-0.0242139,0.00361418,-0.23169,0.185255,0.0596316,-1.52195e-11,0.114555,-0.0662604,0.0184015,-0.00972566,0.0895138,-1.17173e-11,0.0233368,-0.0193777,1.39066e-309
0.0878644,0.0480541,0.225699,-0.022157,0.00528739,-0.230682,0.185255,0.0596316,-1.52195e-11,0.1189,-0.0655987,0.0210949,-0.00972566,0.0895138,-1.17173e-11,0.0233368,-0.0193777,1.39066e-309
0.0891039,0.0473913,0.225951,-0.0197294,0.00730828,-0.229307,0.185255,0.0596316,-1.52195e-11,0.12342,-0.0649103,0.0237045,-0.00972566,0.0895138,-1.17173e-11,0.0233368,-0.0193777,1.39066e-309
0.0902881,0.0466345,0.226196,-0.0169419,0.00970735,-0.227572,0.185255,0.0596316,-1.52195e-11,0.128073,-0.0642016,0.0261706,-0.00972566,0.0895138,-1.17173e-11,0.0233368,-0.0193777,1.39066e-309
0.0914168,0.04579,0.226426,-0.0138668,0.0124002,-0.22551,0.185255,0.0596316,-1.52195e-11,0.132818,-0.0634791,0.0284334,-0.00972566,0.0895138,-1.17173e-11,0.0233368,-0.0193777,1.39066e-309
0.0924909,0.0448644,0.226635,-0.0105917,0.0152738,-0.223163,0.185255,0.0596316,-1.52195e-11,0.137611,-0.0627491,0.0304332,-0.00972566,0.0895138,-1.17173e-11,0.0233368,-0.0193777,1.39066e-309
0.0935112,0.0438646,0.226817,-0.00720441,0.018215,-0.22057,0.185255,0.0596316,-1.52195e-11,0.142411,-0.0620181,0.0321103,-0.00972566,0.0895138,-1.17173e-11,0.0233368,-0.0193777,1.39066e-309
0.0944785,0.0427973,0.226964,-0.00379257,0.0211107,-0.217773,0.185255,0.0596316,-1.52195e-11,0.147175,-0.0612925,0.0334049,-0.00972566,0.0895138,-1.17173e-11,0.0233368,-0.0193777,1.39066e-309
0.0953936,0.0416693,0.227072,-0.000443912,0.0238478,-0.214814,0.185255,0.0596316,-1.52195e-11,0.151863,-0.0605786,0.0342574,-0.00972566,0.0895138,-1.17173e-11,0.0233368,-0.0193777,1.39066e-309
0.0962574,0.0404875,0.227132,0.00275388,0.0263134,-0.211732,0.185255,0.0596316,-1.52195e-11,0.15643,-0.059883,0.0346079,-0.00972566,0.0895138,-1.17173e-11,0.0233368,-0.0193777,1.39066e-309
0.0970706,0.0392585,0.22714,0.00571311,0.0283941,-0.208569,0.185255,0.0596316,-1.52195e-11,0.16096,-0.0591931,0.0344093,-0.00972566,0.0895138,-1.17173e-11,0.0233368,-0.0193777,1.39066e-309
0.097834,0.0379892,0.227088,0.00834606,0.0299771,-0.205366,0.185255,0.0596316,-1.52195e-11,0.165618,-0.0584837,0.0336921,-0.00972566,0.0895138,-1.17173e-11,0.0233368,-0.0193777,1.39066e-309
0.0985485,0.0366864,0.226971,0.010565,0.0309492,-0.202163,0.185255,0.0596316,-1.52195e-11,0.170365,-0.0577608,0.0325159,-0.00972566,0.0895138,-1.17173e-11,0.0233368,-0.0193777,1.39066e-309
0.0992155,0.0353561,0.226785,0.0122989,0.0312243,-0.199,0.185255,0.0596316,-1.52195e-11,0.175159,-0.0570306,0.0309404,-0.00972566,0.0895138,-1.17173e-11,0.0233368,-0.0193777,1.39066e-309
0.0998389,0.0340016,0.226544,0.0135425,0.0308251,-0.195906,0.185255,0.0596316,-1.52195e-11,0.179959,-0.0562997,0.0290254,-0.00972566,0.0895138,-1.17173e-11,0.0233368,-0.0193777,1.39066e-309
0.100423,0.0326257,0.226267,0.0143075,0.0298008,-0.192907,0.185255,0.0596316,-1.52195e-11,0.184721,-0.0555744,0.0268305,-0.00972566,0.0895138,-1.17173e-11,0.0233368,-0.0193777,1.39066e-309
0.100973,0.031231,0.22597,0.0146052,0.0282012,-0.19003,0.185255,0.0596316,-1.52195e-11,0.189404,-0.0548612,0.0244156,-0.00972566,0.0895138,-1.17173e-11,0.0233368,-0.0193777,1.39066e-309
0.101492,0.02982,0.225673,0.0144472,0.0260756,-0.187303,0.185255,0.0596316,-1.52195e-11,0.193966,-0.0541665,0.0218404,-0.00972566,0.0895138,-1.17173e-11,0.0233368,-0.0193777,1.39066e-309
0.101986,0.0283956,0.225391,0.0138448,0.0234737,-0.184752,0.185255,0.0596316,-1.52195e-11,0.198365,-0.0534966,0.0191645,-0.00972566,0.0895138,-1.17173e-11,0.0233368,-0.0193777,1.39066e-309
0.102459,0.0269602,0.225144,0.0128098,0.0204449,-0.182405,0.185255,0.0596316,-1.52195e-11,0.202558,-0.052858,0.0164478,-0.00965231,0.0895279,7.34852e-05,0.0233368,-0.0193777,1.39066e-309
0.102915,0.0255166,0.22495,0.0113534,0.0170388,-0.180288,0.185255,0.0596316,-1.52195e-11,0.206503,-0.0522571,0.01375,-0.00908531,0.0896369,0.000632801,0.0233368,-0.0193777,1.39066e-309
0.103359,0.0240674,0.224825,0.00948714,0.013305,-0.178429,0.185255,0.0596316,-1.52195e-11,0.210159,-0.0517003,0.0111307,-0.00799027,0.0898474,0.00169029,0.0233368,-0.0193777,1.39066e-309
0.103795,0.0226152,0.224787,0.00722257,0.00929281,-0.176854,0.185255,0.0596316,-1.52195e-11,0.213484,-0.051194,0.00864984,-0.006406,0.0901519,0.00318398,0.0233368,-0.0193777,1.39066e-309
0.104228,0.0211626,0.22485,0.00458992,0.00506053,-0.175583,0.185255,0.0596316,-1.52195e-11,0.216434,-0.0507446,0.00636701,-0.00437132,0.090543,0.00505194,0.0233368,-0.0193777,1.39066e-309
0.104662,0.0197111,0.225003,0.00169457,0.000700798,-0.17461,0.185255,0.0596316,-1.52195e-11,0.218969,-0.0503586,0.00434198,-0.00192504,0.0910132,0.00723218,0.0233368,-0.0193777,1.39066e-309
0.105101,0.0182623,0.225232,-0.0013393,-0.0036851,-0.173921,0.185255,0.0596316,-1.52195e-11,0.221045,-0.0500424,0.0026345,0.000894022,0.0915551,0.00966276,0.0233368,-0.0193777,1.39066e-309
0.105549,0.0168176,0.225522,-0.00438755,-0.00799587,-0.173502,0.185255,0.0596316,-1.52195e-11,0.222622,-0.0498023,0.00130429,0.00404705,0.0921611,0.0122817,0.0233368,-0.0193777,1.39066e-309
0.106012,0.0153785,0.225858,-0.00732598,-0.0121302,-0.17334,0.185255,0.0596316,-1.52195e-11,0.223656,-0.0496448,0.000411095,0.00749524,0.0928239,0.0150271,0.0233368,-0.0193777,1.39066e-309
0.106492,0.0139465,0.226225,-0.0100305,-0.0159869,-0.173421,0.185255,0.0596316,-1.52195e-11,0.224106,-0.0495763,1.46409e-05,0.0111998,0.093536,0.017837,0.0233368,-0.0193777,1.39066e-309
0.106994,0.0125232,0.226609,-0.0123768,-0.0194645,-0.173731,0.185255,0.0596316,-1.52195e-11,0.224122,-0.0495738,-1.49076e-11,0.0151218,0.0942898,0.0206493,0.0233368,-0.0193777,1.39066e-309
0.107523,0.0111099,0.226995,-0.0142408,-0.0224619,-0.174257,0.185255,0.0596316,-1.52195e-11,0.224122,-0.0495738,-1.49076e-11,0.0192226,0.0950781,0.0234022,0.0233368,-0.0193777,1.39066e-309
0.108082,0.00970819,0.227368,-0.0154984,-0.0248776,-0.174985,0.185255,0.0596316,-1.52195e-11,0.224122,-0.0495738,-1.49076e-11,0.0234632,0.0958932,0.0260337,0.0233368,-0.0193777,1.39066e-309
0.108676,0.00831951,0.227714,-0.0160253,-0.0266105,-0.175902,0.185255,0.0596316,-1.52195e-11,0.224122,-0.0495738,-1.49076e-11,0.027805,0.0967277,0.0284818,0.0233368,-0.0193777,1.39066e-309
0.109308,0.00694625,0.228019,-0.0157361,-0.027591,-0.17699,0.185255,0.0596316,-1.52195e-11,0.224122,-0.0495738,-1.49076e-11,0.032209,0.0975742,0.0306846,0.0233368,-0.0193777,1.39066e-309
0.109981,0.00559427,0.228279,-0.0147,-0.0278766,-0.17822,0.185255,0.0596316,-1.52195e-11,0.224122,-0.0495738,-1.49076e-11,0.0366364,0.0984252,0.0325801,0.0233368,-0.0193777,1.39066e-309
0.110698,0.00427033,0.228494,-0.0130249,-0.0275566,-0.179558,0.185255,0.0596316,-1.52195e-11,0.224122,-0.0495738,-1.49076e-11,0.0410485,0.0992733,0.0341063,0.0233368,-0.0193777,1.39066e-309
0.11146,0.00298118,0.228661,-0.0108186,-0.0267202,-0.180972,0.185255,0.0596316,-1.52195e-11,0.224122,-0.0495738,-1.49076e-11,0.0454064,0.100111,0.0352014,0.0233368,-0.0193777,1.39066e-309
0.11227,0.00173358,0.228778,-0.00818919,-0.0254566,-0.182427,0.185255,0.0596316,-1.52195e-11,0.224122,-0.0495738,-1.49076e-11,0.0496713,0.100931,0.0358033,0.0233368,-0.0193777,1.39066e-309
0.113129,0.000534277,0.228844,-0.00524443,-0.0238553,-0.183892,0.185255,0.0596316,-1.52195e-11,0.224122,-0.0495738,-1.49076e-11,0.0538311,0.10173,0.0358515,0.0233368,-0.0193777,1.39066e-309
0.114039,-0.000609965,0.228856,-0.00209225,-0.0220053,-0.185332,0.185255,0.0596316,-1.52195e-11,0.224122,-0.0495738,-1.49076e-11,0.0580766,0.102546,0.0353384,0.0233368,-0.0193777,1.39066e-309
0.115004,-0.0016924,0.228813,0.00115945,-0.0199961,-0.186714,0.185255,0.0596316,-1.52195e-11,0.224122,-0.0495738,-1.49076e-11,0.0624217,0.103382,0.0343217,0.0233368,-0.0193777,1.39066e-309
0.116024,-0.00270626,0.228714,0.00440277,-0.0179167,-0.188006,0.185255,0.0596316,-1.52195e-11,0.224122,-0.0495738,-1.49076e-11,0.0668274,0.104228,0.0328634,0.0233368,-0.0193777,1.39066e-309
0.117103,-0.00364481,0.228556,0.00752982,-0.0158566,-0.189174,0.185255,0.0596316,-1.52195e-11,0.224122,-0.0495738,-1.49076e-11,0.0712549,0.105079,0.0310255,0.0233368,-0.0193777,1.39066e-309
0.118241,-0.00450164,0.228341,0.0104521,-0.0138885,-0.190191,0.185255,0.0596316,-1.52195e-11,0.224122,-0.0495738,-1.49076e-11,0.0756656,0.105927,0.0288699,0.0233368,-0.0193777,1.39066e-309
0.119435,-0.00527182,0.228082,0.0131584,-0.0120195,-0.191047,0.185255,0.0596316,-1.52195e-11,0.224122,-0.0495738,-1.49076e-11,0.0800205,0.106764,0.0264586,0.0233368,-0.0193777,1.39066e-309
0.120682,-0.00595077,0.227798,0.015657,-0.01024,-0.19174,0.185255,0.0596316,-1.52195e-11,0.224122,-0.0495738,-1.49076e-11,0.0842808,0.107583,0.0238536,0.0233368,-0.0193777,1.39066e-309
0.121978,-0.00653391,0.227504,0.0179562,-0.0085407,-0.192269,0.185255,0.0596316,-1.52195e-11,0.224122,-0.0495738,-1.49076e-11,0.0884077,0.108376,0.0211167,0.0233368,-0.0193777,1.39066e-309
0.12332,-0.00701667,0.227218,0.0200643,-0.00691209,-0.192629,0.185256,0.0596319,1.10722e-06,0.224122,-0.0495738,-1.49076e-11,0.0923624,0.109137,0.01831,0.0233368,-0.0193777,1.39066e-309
0.124703,-0.00739445,0.226958,0.0219894,-0.00534473,-0.192818,0.185594,0.059706,0.000334744,0.224122,-0.0495738,-1.49076e-11,0.0961061,0.109856,0.0154954,0.0233368,-0.0193777,1.39066e-309
0.126125,-0.00766269,0.22674,0.0237398,-0.0038292,-0.192833,0.186505,0.0599062,0.00121853,0.224122,-0.0495738,-1.49076e-11,0.0996,0.110528,0.0127349,0.0233368,-0.0193777,1.39066e-309
0.127581,-0.00781681,0.226581,0.0253238,-0.00235604,-0.192672,0.18795,0.0602236,0.00258763,0.224122,-0.0495738,-1.49076e-11,0.102805,0.111144,0.0100904,0.0233368,-0.0193777,1.39066e-309
0.129068,-0.00785223,0.226498,0.0267497,-0.000915816,-0.192332,0.189887,0.0606491,0.00437718,0.224122,-0.0495738,-1.49076e-11,0.105683,0.111697,0.00762392,0.0233368,-0.0193777,1.39066e-309
0.130582,-0.00776437,0.226509,0.0280256,0.000500921,-0.191809,0.192276,0.0611738,0.00652233,0.224122,-0.0495738,-1.49076e-11,0.108194,0.11218,0.00539738,0.0233368,-0.0193777,1.39066e-309
0.132119,-0.0075499,0.226625,0.0291449,0.00190396,-0.191106,0.195075,0.0617887,0.00895825,0.224122,-0.0495738,-1.49076e-11,0.110301,0.112585,0.00347274,0.0233368,-0.0193777,1.39066e-309
0.133674,-0.00721052,0.226835,0.0300412,0.00330446,-0.190236,0.198244,0.0624848,0.0116201,0.224122,-0.0495738,-1.49076e-11,0.111963,0.112904,0.00191197,0.0233368,-0.0193777,1.39066e-309
0.135243,-0.00674916,0.22712,0.0306334,0.00471393,-0.189219,0.201742,0.0632532,0.0144429,0.224122,-0.0495738,-1.49076e-11,0.113143,0.113131,0.000777027,0.0233368,-0.0193777,1.39066e-309
0.13682,-0.00616878,0.227463,0.03084,0.00614389,-0.188073,0.205528,0.0640848,0.017362,0.224122,-0.0495738,-1.49076e-11,0.113801,0.113257,0.000129862,0.0233368,-0.0193777,1.39066e-309
0.138399,-0.00547232,0.227848,0.0305799,0.00760585,-0.186818,0.20956,0.0649706,0.0203125,0.224122,-0.0495738,-1.49076e-11,0.113931,0.113282,-1.34871e-11,0.0233368,-0.0193777,1.39066e-309
0.139976,-0.00466271,0.228256,0.0297718,0.00911132,-0.185472,0.2138,0.0659018,0.0232294,0.224122,-0.0495738,-1.49076e-11,0.113931,0.113282,-1.34871e-11,0.0233368,-0.0193777,1.39066e-309
0.141546,-0.0037429,0.22867,0.0283345,0.0106718,-0.184053,0.218204,0.0668694,0.026048,0.224122,-0.0495738,-1.49076e-11,0.113931,0.113282,-1.34871e-11,0.0233368,-0.0193777,1.39066e-309
0.143104,-0.00271584,0.229073,0.0261865,0.0122988,-0.182581,0.222733,0.0678642,0.0287034,0.224122,-0.0495738,-1.49076e-11,0.113931,0.113282,-1.34871e-11,0.0233368,-0.0193777,1.39066e-309
0.144644,-0.00158446,0.229447,0.0232468,0.0140039,-0.181075,0.227346,0.0688775,0.0311308,0.224122,-0.0495738,-1.49076e-11,0.113931,0.113282,-1.34871e-11,0.0233368,-0.0193777,1.39066e-309
0.146161,-0.000351722,0.229775,0.0194339,0.0157985,-0.179552,0.232002,0.0699002,0.0332653,0.224122,-0.0495738,-1.49076e-11,0.113931,0.113282,-1.34871e-11,0.0233368,-0.0193777,1.39066e-309
0.147652,0.000978751,0.230043,0.0147241,0.0176786,-0.178031,0.236659,0.0709233,0.035042,0.224122,-0.0495738,-1.49076e-11,0.113931,0.113282,-1.34871e-11,0.0233368,-0.0193777,1.39066e-309
0.149114,0.00240053,0.230249,0.00932261,0.0195772,-0.176524,0.241278,0.0719378,0.0363961,0.224122,-0.0495738,-1.49076e-11,0.113931,0.113282,-1.34871e-11,0.0233368,-0.0193777,1.39066e-309
0.150548,0.00390651,0.230397,0.00349235,0.0214121,-0.17504,0.245817,0.0729348,0.0372628,0.224122,-0.0495738,-1.49076e-11,0.113931,0.113282,-1.34871e-11,0.0233368,-0.0193777,1.39066e-309
0.151953,0.00548956,0.230487,-0.00250395,0.0231009,-0.173592,0.250235,0.0739053,0.0375773,0.224122,-0.0495738,-1.49076e-11,0.113931,0.113282,-1.34871e-11,0.0233368,-0.0193777,1.39066e-309
0.153329,0.00714258,0.230524,-0.00840353,0.024561,-0.172189,0.254645,0.0748741,0.0372944,0.224122,-0.0495738,-1.49076e-11,0.113931,0.113282,-1.34871e-11,0.0233368,-0.0193777,1.39066e-309
0.154676,0.00885844,0.230507,-0.0139436,0.02571,-0.170843,0.259179,0.0758699,0.0364558,0.224122,-0.0495738,-1.49076e-11,0.113931,0.113282,-1.34871e-11,0.0233368,-0.0193777,1.39066e-309
0.155994,0.01063,0.230441,-0.0188614,0.0264657,-0.169563,0.263794,0.0768838,0.0351263,0.224122,-0.0495738,-1.49076e-11,0.113931,0.113282,-1.34871e-11,0.0233368,-0.0193777,1.39066e-309
0.157282,0.0124502,0.230326,-0.0228942,0.0267454,-0.16836,0.268451,0.0779066,0.0333707,0.224122,-0.0495738,-1.49076e-11,0.113931,0.113282,-1.34871e-11,0.0233368,-0.0193777,1.39066e-309
0.15854,0.0143119,0.230166,-0.0257792,0.0264669,-0.167246,0.273107,0.0789295,0.0312539,0.224122,-0.0495738,-1.49076e-11,0.113931,0.113282,-1.34871e-11,0.0233368,-0.0193777,1.39066e-309
0.159767,0.016208,0.229962,-0.0272536,0.0255477,-0.166231,0.277723,0.0799435,0.0288406,0.224122,-0.0495738,-1.49076e-11,0.113931,0.113282,-1.34871e-11,0.0233368,-0.0193777,1.39066e-309
0.160965,0.0181321,0.22972,-0.0271374,0.0239354,-0.165323,0.282258,0.0809396,0.0261958,0.224122,-0.0495738,-1.49076e-11,0.113931,0.113282,-1.34871e-11,0.0233368,-0.0193777,1.39066e-309
0.162135,0.0200807,0.229449,-0.0255818,0.0216979,-0.164526,0.286671,0.0819089,0.0233844,0.224122,-0.0495738,-1.49076e-11,0.113931,0.113282,-1.34871e-11,0.0233368,-0.0193777,1.39066e-309
0.163282,0.0220512,0.229163,-0.0228205,0.0189332,-0.163839,0.29092,0.0828422,0.0204711,0.224122,-0.0495738,-1.49076e-11,0.113931,0.113282,-1.34871e-11,0.0233368,-0.0193777,1.39066e-309
0.164409,0.0240407,0.228876,-0.0190874,0.0157393,-0.163263,0.294965,0.0837308,0.0175208,0.224122,-0.0495738,-1.49076e-11,0.113931,0.113282,-1.34871e-11,0.0234571,-0.019359,1.39066e-309
0.16552,0.0260465,0.2286,-0.0146163,0.0122141,-0.1628,0.298765,0.0845655,0.0145984,0.224122,-0.0495738,-1.49076e-11,0.113931,0.113282,-1.34871e-11,0.0241449,-0.019252,1.39066e-309
0.166617,0.028066,0.228349,-0.00964112,0.00845548,-0.162449,0.302279,0.0853375,0.0117687,0.224122,-0.0495738,-1.49076e-11,0.113931,0.113282,-1.34871e-11,0.0254051,-0.019056,1.39066e-309
0.167706,0.0300964,0.228137,-0.00439567,0.0045615,-0.162211,0.305467,0.0860377,0.00909652,0.224122,-0.0495738,-1.49076e-11,0.113931,0.113282,-1.34871e-11,0.0271955,-0.0187776,1.39066e-309
0.168788,0.032135,0.227976,0.000886201,0.000630084,-0.162086,0.308287,0.0866572,0.00664678,0.224122,-0.0495738,-1.49076e-11,0.113931,0.113282,-1.34871e-11,0.0294735,-0.0184233,1.39066e-309
0.169869,0.034179,0.22788,0.00597065,-0.00324082,-0.162076,0.310699,0.087187,0.0044843,0.224122,-0.0495738,-1.49076e-11,0.113931,0.113282,-1.34871e-11,0.0321967,-0.0179998,1.39066e-309
0.17095,0.0362258,0.227861,0.0106238,-0.00695325,-0.162181,0.312662,0.0876181,0.00267393,0.224122,-0.0495738,-1.49076e-11,0.113931,0.113282,-1.34871e-11,0.0353227,-0.0175137,1.39066e-309
0.172037,0.0382721,0.227929,0.0146467,-0.0104203,-0.162401,0.314134,0.0879415,0.00128053,0.224122,-0.0495738,-1.49076e-11,0.113931,0.113282,-1.34871e-11,0.0388089,-0.0169715,1.39066e-309
0.173132,0.0403135,0.228072,0.0179794,-0.0135991,-0.162734,0.315075,0.0881483,0.000368928,0.224122,-0.0495738,-1.49076e-11,0.113931,0.113282,-1.34871e-11,0.0426131,-0.0163799,1.39066e-309
0.174239,0.0423449,0.228272,0.0205971,-0.0164581,-0.163179,0.315445,0.0882295,3.98956e-06,0.224122,-0.0495738,-1.49076e-11,0.113931,0.113282,-1.34871e-11,0.0466927,-0.0157454,1.39066e-309
0.17536,0.0443615,0.228513,0.0224746,-0.0189653,-0.163735,0.315449,0.0882304,-1.60766e-11,0.224122,-0.0495738,-1.49076e-11,0.113931,0.113282,-1.34871e-11,0.0510053,-0.0150747,1.39066e-309
0.1765,0.0463583,0.228779,0.0235869,-0.021089,-0.164398,0.315449,0.0882304,-1.60766e-11,0.224122,-0.0495738,-1.49076e-11,0.113931,0.113282,-1.34871e-11,0.0555085,-0.0143744,1.39066e-309
0.177662,0.0483302,0.229053,0.0239092,-0.0227975,-0.165168,0.315449,0.0882304,-1.60766e-11,0.224122,-0.0495738,-1.49076e-11,0.113931,0.113282,-1.34871e-11,0.0601598,-0.013651,1.39066e-309
0.178849,0.0502724,0.229318,0.0234163,-0.0240591,-0.166042,0.315449,0.0882304,-1.60766e-11,0.224122,-0.0495738,-1.49076e-11,0.113931,0.113282,-1.34871e-11,0.0649168,-0.0129112,1.39066e-309
0.180065,0.0521799,0.229559,0.0220832,-0.0248419,-0.16702,0.315449,0.0882304,-1.60766e-11,0.224122,-0.0495738,-1.49076e-11,0.113931,0.113282,-1.34871e-11,0.0697371,-0.0121616,1.39066e-309
0.181313,0.0540478,0.229757,0.019885,-0.0251142,-0.168098,0.315449,0.0882304,-1.60766e-11,0.224122,-0.0495738,-1.49076e-11,0.113931,0.113282,-1.34871e-11,0.0745781,-0.0114087,1.39066e-309
0.182596,0.055871,0.229896,0.0167967,-0.0248443,-0.169275,0.315449,0.0882304,-1.60766e-11,0.224122,-0.0495738,-1.49076e-11,0.113931,0.113282,-1.34871e-11,0.0793976,-0.0106592,1.39066e-309
0.183917,0.0576443,0.229965,0.0128312,-0.0240216,-0.170547,0.315449,0.0882304,-1.60766e-11,0.224122,-0.0495738,-1.49076e-11,0.113931,0.113282,-1.34871e-11,0.0841529,-0.00991966,1.39066e-309
0.185274,0.0593609,0.229966,0.00815322,-0.022721,-0.171902,0.315449,0.0882304,-1.60766e-11,0.224122,-0.0495738,-1.49076e-11,0.113931,0.113282,-1.34871e-11,0.0888018,-0.00919668,1.39066e-309
0.186666,0.0610137,0.229906,0.0029656,-0.0210386,-0.173324,0.315449,0.0882304,-1.60766e-11,0.224122,-0.0495738,-1.49076e-11,0.113931,0.113282,-1.34871e-11,0.0933491,-0.00848948,1.39066e-309
0.18809,0.0625957,0.229793,-0.00252894,-0.0190704,-0.1748,0.315449,0.0882304,-1.60766e-11,0.224122,-0.0495738,-1.49076e-11,0.113931,0.113282,-1.34871e-11,0.0980056,-0.00776532,1.39066e-309
0.189544,0.0640997,0.229634,-0.00812766,-0.0169126,-0.176313,0.315449,0.0882304,-1.60766e-11,0.224122,-0.0495738,-1.49076e-11,0.113931,0.113282,-1.34871e-11,0.102766,-0.00702499,1.39066e-309
0.191026,0.0655187,0.229437,-0.0136278,-0.0146612,-0.177851,0.315449,0.0882304,-1.60766e-11,0.224122,-0.0495738,-1.49076e-11,0.113931,0.113282,-1.34871e-11,0.107588,-0.00627509,1.39066e-309
0.192534,0.0668455,0.229208,-0.0188267,-0.0124123,-0.179397,0.315449,0.0882304,-1.60766e-11,0.224122,-0.0495738,-1.49076e-11,0.113931,0.113282,-1.34871e-11,0.112429,-0.00552222,1.39066e-309
0.194065,0.0680731,0.228956,-0.0235215,-0.010262,-0.180938,0.315449,0.0882304,-1.60766e-11,0.224122,-0.0495738,-1.49076e-11,0.113931,0.113282,-1.34871e-11,0.117247,-0.00477299,1.39066e-309
0.195617,0.0691943,0.228688,-0.0275095,-0.00830637,-0.182458,0.315449,0.0882304,-1.60766e-11,0.224122,-0.0495738,-1.49076e-11,0.113931,0.113282,-1.34871e-11,0.121998,-0.00403399,1.39066e-309
0.197188,0.0702021,0.22841,-0.030588,-0.00664152,-0.183942,0.315449,0.0882304,-1.60766e-11,0.224122,-0.0495738,-1.49076e-11,0.113931,0.113282,-1.34871e-11,0.126642,-0.00331181,1.39066e-309
0.198775,0.0710904,0.22813,-0.0326082,-0.00533404,-0.185377,0.315449,0.0882304,-1.60766e-11,0.224122,-0.0495738,-1.49076e-11,0.113931,0.113282,-1.34871e-11,0.131135,-0.00261307,1.39066e-309
0.200374,0.0718581,0.227856,-0.0336366,-0.00433251,-0.186745,0.315449,0.0882304,-1.60766e-11,0.224131,-0.0495722,8.78654e-06,0.113931,0.113282,-1.34871e-11,0.135435,-0.00194437,1.39066e-309
0.201979,0.0725048,0.227595,-0.0337939,-0.00355603,-0.188032,0.315449,0.0882304,-1.60766e-11,0.224537,-0.0495005,0.000387256,0.113931,0.113282,-1.34871e-11,0.139499,-0.00131229,1.39066e-309
0.203584,0.0730303,0.227354,-0.0332008,-0.0029237,-0.189221,0.315449,0.0882304,-1.60766e-11,0.225515,-0.0493281,0.00127993,0.113931,0.113282,-1.34871e-11,0.143286,-0.000723445,1.39066e-309
0.205185,0.0734344,0.227142,-0.0319777,-0.00235462,-0.190296,0.315449,0.0882304,-1.60766e-11,0.227022,-0.0490621,0.00262538,0.113931,0.113282,-1.34871e-11,0.146751,-0.000184433,1.39066e-309
0.206776,0.0737169,0.226965,-0.0302453,-0.00176788,-0.191242,0.315449,0.0882304,-1.60766e-11,0.229019,-0.0487098,0.00436216,0.113931,0.113282,-1.34871e-11,0.149854,0.000298147,1.39066e-309
0.208351,0.0738777,0.226831,-0.0281242,-0.00108258,-0.192042,0.315449,0.0882304,-1.60766e-11,0.231464,-0.0482784,0.00642884,0.113931,0.113282,-1.34871e-11,0.152552,0.000717695,1.39066e-309
0.209905,0.0739165,0.226747,-0.025735,-0.000217819,-0.19268,0.315449,0.0882304,-1.60766e-11,0.234316,-0.0477751,0.00876397,0.113931,0.113282,-1.34871e-11,0.154802,0.00106761,1.39066e-309
0.211433,0.073833,0.226721,-0.0231982,0.000907312,-0.193141,0.315449,0.0882304,-1.60766e-11,0.237534,-0.0472073,0.0113061,0.113931,0.113282,-1.34871e-11,0.156562,0.00134129,1.39066e-309
0.212929,0.0736271,0.22676,-0.0206344,0.00237371,-0.193409,0.315449,0.0882304,-1.60766e-11,0.241078,-0.046582,0.0139939,0.113931,0.113282,-1.34871e-11,0.157789,0.00153215,1.39066e-309
0.214389,0.0732997,0.226868,-0.0181419,0.00423608,-0.193472,0.315449,0.0882304,-1.60766e-11,0.244905,-0.0459067,0.0167658,0.113931,0.113282,-1.34871e-11,0.158441,0.00163356,1.39066e-309
0.215809,0.0728563,0.227033,-0.0157291,0.00644428,-0.193337,0.315449,0.0882304,-1.60766e-11,0.248976,-0.0451883,0.0195604,0.113931,0.113282,-1.34871e-11,0.15854,0.00164883,1.39066e-309
0.217189,0.0723032,0.227241,-0.0133822,0.00892196,-0.193016,0.315449,0.0882304,-1.60766e-11,0.253249,-0.0444344,0.0223163,0.113931,0.113282,-1.34871e-11,0.15854,0.00164883,1.39066e-309
0.218525,0.0716472,0.227475,-0.0110874,0.0115928,-0.19252,0.315449,0.0882304,-1.60766e-11,0.257684,-0.0436519,0.0249721,0.113931,0.113282,-1.34871e-11,0.15854,0.00164883,1.39066e-309
0.219817,0.0708946,0.22772,-0.00883072,0.0143804,-0.19186,0.315449,0.0882304,-1.60766e-11,0.262238,-0.0428483,0.0274662,0.113931,0.113282,-1.34871e-11,0.15854,0.00164883,1.39066e-309
0.221062,0.0700521,0.227962,-0.00659837,0.0172085,-0.191048,0.315449,0.0882304,-1.60766e-11,0.266872,-0.0420306,0.0297374,0.113931,0.113282,-1.34871e-11,0.15854,0.00164883,1.39066e-309
0.222257,0.0691261,0.228184,-0.00437647,0.0200006,-0.190095,0.315449,0.0882304,-1.60766e-11,0.271544,-0.0412062,0.031724,0.113931,0.113282,-1.34871e-11,0.15854,0.00164883,1.39066e-309
0.223402,0.0681233,0.228372,-0.00215115,0.0226806,-0.189013,0.315449,0.0882304,-1.60766e-11,0.276214,-0.0403823,0.0333648,0.113931,0.113282,-1.34871e-11,0.15854,0.00164883,1.39066e-309
0.224494,0.0670501,0.22851,9.14454e-05,0.0251719,-0.187812,0.315449,0.0882304,-1.60766e-11,0.280839,-0.0395661,0.0345982,0.113931,0.113282,-1.34871e-11,0.15854,0.00164883,1.39066e-309
0.225531,0.065913,0.228583,0.00236519,0.0273983,-0.186505,0.315449,0.0882304,-1.60766e-11,0.28538,-0.0387649,0.0353629,0.113931,0.113282,-1.34871e-11,0.15854,0.00164883,1.39066e-309
0.226512,0.0647185,0.228579,0.00466791,0.0292901,-0.185105,0.315449,0.0882304,-1.60766e-11,0.289797,-0.0379856,0.0355973,0.113931,0.113282,-1.34871e-11,0.15854,0.00164883,1.39066e-309
0.227439,0.0634721,0.228507,0.0069333,0.0308043,-0.183635,0.315449,0.0882304,-1.60766e-11,0.294237,-0.0372022,0.0352664,0.113931,0.113282,-1.34871e-11,0.15854,0.00164883,1.39066e-309
0.228317,0.0621793,0.228377,0.00907901,0.0319043,-0.182123,0.315449,0.0882304,-1.60766e-11,0.298796,-0.0363978,0.0344159,0.113931,0.113282,-1.34871e-11,0.15854,0.00164883,1.39066e-309
0.229148,0.0608454,0.228201,0.0110227,0.0325539,-0.180592,0.315449,0.0882304,-1.60766e-11,0.303432,-0.0355797,0.0331074,0.113931,0.113282,-1.34871e-11,0.15854,0.00164883,1.39066e-309
0.229935,0.0594758,0.227991,0.012682,0.0327167,-0.17907,0.315449,0.0882304,-1.60766e-11,0.308105,-0.0347552,0.0314021,0.113931,0.113282,-1.34871e-11,0.15854,0.00164883,1.39066e-309
0.230683,0.0580761,0.227759,0.0139747,0.0323561,-0.177582,0.315449,0.0882304,-1.60766e-11,0.312773,-0.0339315,0.0293617,0.113931,0.113282,-1.34871e-11,0.15854,0.00164883,1.39066e-309
0.231395,0.0566515,0.227515,0.0148182,0.031436,-0.176155,0.315449,0.0882304,-1.60766e-11,0.317396,-0.0331158,0.0270474,0.113931,0.113282,-1.34871e-11,0.15854,0.00164883,1.39066e-309
0.232073,0.0552076,0.227272,0.0151304,0.0299198,-0.174813,0.315449,0.0882304,-1.60766e-11,0.321933,-0.0323153,0.0245208,0.113931,0.113282,-1.34871e-11,0.15854,0.00164883,1.39066e-309
0.232721,0.0537497,0.22704,0.0148289,0.0277711,-0.173584,0.315449,0.0882304,-1.60766e-11,0.326342,-0.0315372,0.0218432,0.113931,0.113282,-1.34871e-11,0.15854,0.00164883,1.39066e-309
0.233344,0.0522832,0.226832,0.0138313,0.0249536,-0.172492,0.315449,0.0882304,-1.60766e-11,0.330583,-0.0307889,0.0190762,0.113931,0.113282,-1.34871e-11,0.15854,0.00164883,1.39066e-309
0.233943,0.0508128,0.226658,0.0120944,0.0214602,-0.17156,0.315449,0.0882304,-1.60766e-11,0.334615,-0.0300776,0.0162811,0.114099,0.113314,0.00015611,0.15854,0.00164883,1.39066e-309
0.234524,0.0493395,0.226519,0.00973118,0.0174006,-0.170792,0.315449,0.0882304,-1.60766e-11,0.338396,-0.0294104,0.0135194,0.114851,0.113456,0.000844607,0.15854,0.00164883,1.39066e-309
0.235088,0.0478637,0.226417,0.00689387,0.0129141,-0.170186,0.315449,0.0882304,-1.60766e-11,0.341886,-0.0287946,0.0108525,0.116168,0.113706,0.00202459,0.15854,0.00164883,1.39066e-309
0.235641,0.0463858,0.226352,0.00373459,0.00813981,-0.169744,0.315449,0.0882304,-1.60766e-11,0.345044,-0.0282374,0.00834189,0.118008,0.114054,0.00363314,0.15854,0.00164883,1.39066e-309
0.236185,0.044906,0.226326,0.000405489,0.00321681,-0.169464,0.315449,0.0882304,-1.60766e-11,0.347828,-0.0277461,0.00604897,0.120329,0.114493,0.00560736,0.15854,0.00164883,1.39066e-309
0.236724,0.0434247,0.226338,-0.00294127,-0.00171574,-0.169347,0.315449,0.0882304,-1.60766e-11,0.350198,-0.027328,0.00403517,0.123088,0.115015,0.00788434,0.15854,0.00164883,1.39066e-309
0.237262,0.0419422,0.226389,-0.00615356,-0.00651869,-0.169392,0.315449,0.0882304,-1.60766e-11,0.352113,-0.0269901,0.00236194,0.126243,0.115612,0.0104012,0.15854,0.00164883,1.39066e-309
0.237802,0.0404587,0.226481,-0.0090792,-0.0110529,-0.169599,0.315449,0.0882304,-1.60766e-11,0.353531,-0.0267399,0.00109071,0.129753,0.116276,0.013095,0.15854,0.00164883,1.39066e-309
0.238348,0.0389748,0.226614,-0.0115661,-0.0151793,-0.169967,0.315449,0.0882304,-1.60766e-11,0.354412,-0.0265844,0.000282916,0.133574,0.116999,0.0159028,0.15854,0.00164883,1.39066e-309
0.238904,0.0374906,0.226788,-0.013462,-0.0187586,-0.170496,0.315449,0.0882304,-1.60766e-11,0.354715,-0.026531,-1.63883e-11,0.137664,0.117773,0.0187618,0.15854,0.00164883,1.39066e-309
0.239473,0.0360073,0.227003,-0.0146522,-0.0216806,-0.171183,0.315449,0.0882304,-1.60766e-11,0.354715,-0.026531,-1.63883e-11,0.141982,0.11859,0.0216089,0.15854,0.00164883,1.39066e-309
0.240059,0.0345296,0.227247,-0.0151716,-0.0239503,-0.17201,0.315449,0.0882304,-1.60766e-11,0.354715,-0.026531,-1.63883e-11,0.146485,0.119442,0.0243815,0.15854,0.00164883,1.39066e-309
0.240668,0.0330629,0.22751,-0.0150921,-0.0256015,-0.172955,0.315449,0.0882304,-1.60766e-11,0.354715,-0.026531,-1.63883e-11,0.15113,0.120321,0.0270164,0.15854,0.00164883,1.39066e-309
0.241302,0.0316129,0.227779,-0.0144861,-0.0266679,-0.173997,0.315449,0.0882304,-1.60766e-11,0.354715,-0.026531,-1.63883e-11,0.155876,0.121219,0.0294508,0.15854,0.00164883,1.39066e-309
0.241966,0.0301849,0.228041,-0.0134256,-0.0271834,-0.175116,0.315449,0.0882304,-1.60766e-11,0.354715,-0.026531,-1.63883e-11,0.16068,0.122128,0.0316219,0.15854,0.00164883,1.39066e-309
0.242665,0.0287844,0.228284,-0.0119827,-0.0271818,-0.176289,0.315449,0.0882304,-1.60766e-11,0.354715,-0.026531,-1.63883e-11,0.1655,0.12304,0.0334666,0.15854,0.00164883,1.39066e-309
0.243403,0.027417,0.228497,-0.0102298,-0.0266969,-0.177496,0.315449,0.0882304,-1.60766e-11,0.354715,-0.026531,-1.63883e-11,0.170294,0.123947,0.0349221,0.15854,0.00164883,1.39066e-309
0.244185,0.0260881,0.228666,-0.00823887,-0.0257625,-0.178715,0.315449,0.0882304,-1.60766e-11,0.354715,-0.026531,-1.63883e-11,0.175019,0.124841,0.0359255,0.15854,0.00164883,1.39066e-309
0.245014,0.0248032,0.228781,-0.00608212,-0.0244124,-0.179925,0.315449,0.0882304,-1.60766e-11,0.354715,-0.026531,-1.63883e-11,0.179633,0.125715,0.0364139,0.15854,0.00164883,1.39066e-309
0.245894,0.0235679,0.228827,-0.0038317,-0.0226803,-0.181105,0.315449,0.0882304,-1.60766e-11,0.354715,-0.026531,-1.63883e-11,0.184163,0.126572,0.03633,0.15854,0.00164883,1.39066e-309
0.24683,0.0223878,0.228799,-0.0015469,-0.0206078,-0.182236,0.315449,0.0882304,-1.60766e-11,0.354715,-0.026531,-1.63883e-11,0.188814,0.127452,0.0356871,0.15854,0.00164883,1.39066e-309
0.247821,0.0212695,0.228706,0.000764465,-0.0182663,-0.18331,0.315449,0.0882304,-1.60766e-11,0.354715,-0.026531,-1.63883e-11,0.193563,0.12835,0.0345473,0.15854,0.00164883,1.39066e-309
0.248865,0.0202198,0.228562,0.00310747,-0.015735,-0.184321,0.315449,0.0882304,-1.60766e-11,0.354715,-0.026531,-1.63883e-11,0.198368,0.12926,0.0329735,0.15854,0.00164883,1.39066e-309
0.249962,0.0192454,0.228382,0.00548716,-0.013093,-0.185263,0.315449,0.0882304,-1.60766e-11,0.354715,-0.026531,-1.63883e-11,0.203188,0.130172,0.0310285,0.15854,0.00164883,1.39066e-309
0.251109,0.0183532,0.228182,0.0079086,-0.0104195,-0.186129,0.315449,0.0882304,-1.60766e-11,0.354715,-0.026531,-1.63883e-11,0.20798,0.131078,0.0287753,0.15854,0.00164883,1.39066e-309
0.252306,0.0175498,0.227975,0.0103769,-0.00779363,-0.186914,0.315449,0.0882304,-1.60766e-11,0.354715,-0.026531,-1.63883e-11,0.212701,0.131972,0.0262768,0.15854,0.00164883,1.39066e-309
0.253551,0.0168422,0.227777,0.012897,-0.00529448,-0.187612,0.315449,0.0882304,-1.60766e-11,0.354715,-0.026531,-1.63883e-11,0.21731,0.132844,0.0235959,0.15854,0.00164883,1.39066e-309
0.254843,0.0162371,0.227601,0.0154741,-0.00300121,-0.188217,0.315449,0.0882304,-1.60766e-11,0.354715,-0.026531,-1.63883e-11,0.221764,0.133687,0.0207955,0.15854,0.00164883,1.39066e-309
0.25618,0.0157412,0.227463,0.0181131,-0.000992961,-0.188722,0.315475,0.0882339,2.54151e-05,0.354715,-0.026531,-1.63883e-11,0.22602,0.134492,0.0179385,0.15854,0.00164883,1.39066e-309
0.257562,0.0153614,0.227378,0.0208192,0.000651126,-0.189123,0.315972,0.0883001,0.000491911,0.354715,-0.026531,-1.63883e-11,0.230038,0.135252,0.0150877,0.15854,0.00164883,1.39066e-309
0.258986,0.0151032,0.227356,0.0235767,0.00187941,-0.189416,0.317064,0.0884455,0.00149608,0.354715,-0.026531,-1.63883e-11,0.233774,0.135959,0.0123063,0.15854,0.00164883,1.39066e-309
0.260447,0.0149679,0.227394,0.0262873,0.00275023,-0.189613,0.318707,0.0886644,0.0029728,0.354715,-0.026531,-1.63883e-11,0.237186,0.136605,0.00965689,0.15854,0.00164883,1.39066e-309
0.261941,0.0149554,0.227486,0.0288317,0.00334941,-0.189726,0.320858,0.0889511,0.00485695,0.354715,-0.026531,-1.63883e-11,0.240232,0.137181,0.00720255,0.15854,0.00164883,1.39066e-309
0.263461,0.0150657,0.227626,0.0310908,0.0037628,-0.189772,0.323475,0.0892998,0.00708339,0.354715,-0.026531,-1.63883e-11,0.242869,0.13768,0.00500615,0.15854,0.00164883,1.39066e-309
0.265001,0.0152988,0.227806,0.0329456,0.00407622,-0.189763,0.326515,0.0897048,0.009587,0.354715,-0.026531,-1.63883e-11,0.245056,0.138094,0.00313059,0.15854,0.00164883,1.39066e-309
0.266557,0.0156547,0.22802,0.034277,0.00437552,-0.189714,0.329934,0.0901604,0.0123027,0.354715,-0.026531,-1.63883e-11,0.24675,0.138415,0.00163878,0.15854,0.00164883,1.39066e-309
0.268123,0.0161334,0.228261,0.0349658,0.00474651,-0.189639,0.333689,0.0906608,0.0151653,0.354715,-0.026531,-1.63883e-11,0.247909,0.138634,0.000593621,0.15854,0.00164883,1.39066e-309
0.269693,0.0167349,0.228523,0.0348928,0.00527504,-0.189553,0.337738,0.0912003,0.0181096,0.354715,-0.026531,-1.63883e-11,0.248491,0.138744,5.80264e-05,0.15854,0.00164883,1.39066e-309
0.271263,0.0174591,0.2288,0.0339391,0.00604693,-0.189469,0.342038,0.0917732,0.0210707,0.354715,-0.026531,-1.63883e-11,0.248553,0.138756,-1.25484e-11,0.15854,0.00164883,1.39066e-309
0.272825,0.0183062,0.229084,0.0319854,0.00714803,-0.189402,0.346545,0.0923737,0.0239833,0.354715,-0.026531,-1.63883e-11,0.248553,0.138756,-1.25484e-11,0.15854,0.00164883,1.39066e-309
0.274376,0.0192749,0.229369,0.0289653,0.00863399,-0.189364,0.351216,0.0929961,0.0267823,0.354715,-0.026531,-1.63883e-11,0.248553,0.138756,-1.25484e-11,0.15854,0.00164883,1.39066e-309
0.275912,0.0203593,0.229647,0.0250222,0.0104398,-0.189362,0.356008,0.0936347,0.0294026,0.354715,-0.026531,-1.63883e-11,0.248553,0.138756,-1.25484e-11,0.15854,0.00164883,1.39066e-309
0.277432,0.0215524,0.229909,0.0203524,0.0124702,-0.189401,0.360879,0.0942837,0.0317791,0.354715,-0.026531,-1.63883e-11,0.248553,0.138756,-1.25484e-11,0.15854,0.00164883,1.39066e-309
0.278932,0.0228472,0.230149,0.015152,0.01463,-0.189483,0.365785,0.0949374,0.0338466,0.354715,-0.026531,-1.63883e-11,0.248553,0.138756,-1.25484e-11,0.15854,0.00164883,1.39066e-309
0.280411,0.0242365,0.230357,0.00961717,0.016824,-0.189615,0.370683,0.0955901,0.0355401,0.354715,-0.026531,-1.63883e-11,0.248553,0.138756,-1.25484e-11,0.15854,0.00164883,1.39066e-309
0.281865,0.0257135,0.230525,0.00394406,0.0189569,-0.1898,0.375531,0.096236,0.0367943,0.354715,-0.026531,-1.63883e-11,0.248553,0.138756,-1.25484e-11,0.15854,0.00164883,1.39066e-309
0.283293,0.0272709,0.230646,-0.00167118,0.0209337,-0.190043,0.380285,0.0968694,0.0375442,0.354715,-0.026531,-1.63883e-11,0.248553,0.138756,-1.25484e-11,0.15854,0.00164883,1.39066e-309
0.284692,0.0289019,0.230711,-0.0070324,0.022659,-0.190349,0.384908,0.0974855,0.0377249,0.354715,-0.026531,-1.63883e-11,0.248553,0.138756,-1.25484e-11,0.15854,0.00164883,1.39066e-309
0.28606,0.0305992,0.230713,-0.0119434,0.0240376,-0.190722,0.389585,0.0981086,0.0373081,0.354715,-0.026531,-1.63883e-11,0.248553,0.138756,-1.25484e-11,0.15854,0.00164883,1.39066e-309
0.287395,0.032356,0.230642,-0.0162082,0.0249744,-0.191166,0.394382,0.0987477,0.0363481,0.354715,-0.026531,-1.63883e-11,0.248553,0.138756,-1.25484e-11,0.15854,0.00164883,1.39066e-309
0.288694,0.0341654,0.230496,-0.0196634,0.0253939,-0.191684,0.399255,0.0993971,0.0349098,0.354715,-0.026531,-1.63883e-11,0.248553,0.138756,-1.25484e-11,0.15854,0.00164883,1.39066e-309
0.289961,0.0360219,0.230286,-0.0222781,0.0252996,-0.192273,0.404161,0.100051,0.0330584,0.354715,-0.026531,-1.63883e-11,0.248553,0.138756,-1.25484e-11,0.15854,0.00164883,1.39066e-309
0.291199,0.0379205,0.230029,-0.0240542,0.0247147,-0.192925,0.409058,0.100703,0.0308591,0.354715,-0.026531,-1.63883e-11,0.248553,0.138756,-1.25484e-11,0.15854,0.00164883,1.39066e-309
0.292411,0.0398559,0.229743,-0.0249936,0.0236626,-0.193634,0.413903,0.101349,0.028377,0.354715,-0.026531,-1.63883e-11,0.248553,0.138756,-1.25484e-11,0.15854,0.00164883,1.39066e-309
0.293601,0.0418229,0.229442,-0.0250983,0.0221665,-0.194394,0.418652,0.101982,0.0256772,0.354715,-0.026531,-1.63883e-11,0.248553,0.138756,-1.25484e-11,0.15854,0.00164883,1.39066e-309
0.294771,0.0438164,0.229145,-0.0243701,0.0202497,-0.195199,0.423262,0.102596,0.0228248,0.354715,-0.026531,-1.63883e-11,0.248553,0.138756,-1.25484e-11,0.15854,0.00164883,1.39066e-309
0.295926,0.0458311,0.228867,-0.022811,0.0179354,-0.196043,0.427691,0.103186,0.0198849,0.354715,-0.026531,-1.63883e-11,0.248553,0.138756,-1.25484e-11,0.15854,0.00164883,1.39066e-309
0.297069,0.047862,0.228626,-0.020423,0.015247,-0.196919,0.431895,0.103746,0.0169227,0.354715,-0.026531,-1.63883e-11,0.248553,0.138756,-1.25484e-11,0.158755,0.00170011,1.39066e-309
0.298203,0.0499039,0.228438,-0.0172079,0.0122077,-0.19782,0.435832,0.104271,0.0140033,0.354715,-0.026531,-1.63883e-11,0.248553,0.138756,-1.25484e-11,0.159544,0.001888,1.39066e-309
0.299331,0.0519515,0.228319,-0.0131677,0.00884085,-0.198741,0.439457,0.104754,0.0111918,0.354715,-0.026531,-1.63883e-11,0.248553,0.138756,-1.25484e-11,0.160874,0.00220458,1.39066e-309
0.300457,0.0540001,0.228282,-0.00834748,0.00518277,-0.199678,0.442729,0.10519,0.00855344,0.354715,-0.026531,-1.63883e-11,0.248553,0.138756,-1.25484e-11,0.162704,0.00264014,1.39066e-309
0.301585,0.0560465,0.228318,-0.00296446,0.00132256,-0.200629,0.445605,0.105573,0.0061532,0.354715,-0.026531,-1.63883e-11,0.248553,0.138756,-1.25484e-11,0.164993,0.003185,1.39066e-309
0.302717,0.0580882,0.228417,0.0027209,-0.00263758,-0.201596,0.44804,0.105897,0.00405626,0.354715,-0.026531,-1.63883e-11,0.248553,0.138756,-1.25484e-11,0.1677,0.00382943,1.39066e-309
0.303857,0.0601224,0.228566,0.00844819,-0.00659543,-0.202582,0.449993,0.106158,0.00232775,0.354715,-0.026531,-1.63883e-11,0.248553,0.138756,-1.25484e-11,0.170785,0.00456375,1.39066e-309
0.305009,0.0621464,0.228752,0.013957,-0.0104488,-0.203588,0.45142,0.106348,0.00103279,0.354715,-0.026531,-1.63883e-11,0.248553,0.138756,-1.25484e-11,0.174206,0.00537823,1.39066e-309
0.306175,0.0641575,0.228965,0.0189869,-0.0140955,-0.204615,0.452277,0.106462,0.000236515,0.354715,-0.026531,-1.63883e-11,0.248553,0.138756,-1.25484e-11,0.177924,0.0062632,1.39066e-309
0.307359,0.066153,0.229191,0.0232775,-0.0174332,-0.205665,0.452528,0.106495,-1.73788e-11,0.354715,-0.026531,-1.63883e-11,0.248553,0.138756,-1.25484e-11,0.181897,0.00720893,1.39066e-309
0.308565,0.0681302,0.229418,0.0265684,-0.0203599,-0.206739,0.452528,0.106495,-1.73788e-11,0.354715,-0.026531,-1.63883e-11,0.248553,0.138756,-1.25484e-11,0.186084,0.00820573,1.39066e-309
0.309795,0.0700865,0.229635,0.0285992,-0.0227733,-0.20784,0.452528,0.106495,-1.73788e-11,0.354715,-0.026531,-1.63883e-11,0.248553,0.138756,-1.25484e-11,0.190445,0.00924389,1.39066e-309
0.311053,0.072019,0.22983,0.0291094,-0.0245711,-0.208969,0.452528,0.106495,-1.73788e-11,0.354715,-0.026531,-1.63883e-11,0.248553,0.138756,-1.25484e-11,0.194939,0.0103137,1.39066e-309
0.312343,0.0739245,0.229991,0.0279274,-0.0256812,-0.210125,0.452528,0.106495,-1.73788e-11,0.354715,-0.026531,-1.63883e-11,0.248553,0.138756,-1.25484e-11,0.199526,0.0114055,1.39066e-309
0.313663,0.0757965,0.230115,0.0252359,-0.0261512,-0.211307,0.452528,0.106495,-1.73788e-11,0.354715,-0.026531,-1.63883e-11,0.248553,0.138756,-1.25484e-11,0.204164,0.0125095,1.39066e-309
0.315014,0.077628,0.230199,0.0213066,-0.0260589,-0.212508,0.452528,0.106495,-1.73788e-11,0.354715,-0.026531,-1.63883e-11,0.248553,0.138756,-1.25484e-11,0.208812,0.0136161,1.39066e-309
0.316395,0.079412,0.23024,0.0164111,-0.0254819,-0.213725,0.452528,0.106495,-1.73788e-11,0.354715,-0.026531,-1.63883e-11,0.248553,0.138756,-1.25484e-11,0.213431,0.0147155,1.39066e-309
0.317807,0.0811415,0.230235,0.0108208,-0.024498,-0.214952,0.452528,0.106495,-1.73788e-11,0.354715,-0.026531,-1.63883e-11,0.248553,0.138756,-1.25484e-11,0.217978,0.0157981,1.39066e-309
0.319248,0.0828093,0.230182,0.00480736,-0.0231848,-0.216185,0.452528,0.106495,-1.73788e-11,0.354715,-0.026531,-1.63883e-11,0.248553,0.138756,-1.25484e-11,0.222415,0.0168541,1.39066e-309
0.320719,0.0844084,0.230077,-0.00135764,-0.02162,-0.217418,0.452528,0.106495,-1.73788e-11,0.354715,-0.026531,-1.63883e-11,0.248553,0.138756,-1.25484e-11,0.226791,0.017896,1.39066e-309
0.322219,0.0859318,0.229919,-0.00740266,-0.0198813,-0.218648,0.452528,0.106495,-1.73788e-11,0.354715,-0.026531,-1.63883e-11,0.248553,0.138756,-1.25484e-11,0.23129,0.0189669,1.39066e-309
0.323747,0.0873724,0.229703,-0.0130561,-0.0180464,-0.21987,0.452528,0.106495,-1.73788e-11,0.354715,-0.026531,-1.63883e-11,0.248553,0.138756,-1.25484e-11,0.235879,0.0200594,1.39066e-309
0.325304,0.0887232,0.229428,-0.0180465,-0.016193,-0.221078,0.452528,0.106495,-1.73788e-11,0.354715,-0.026531,-1.63883e-11,0.248553,0.138756,-1.25484e-11,0.240519,0.0211637,1.39066e-309
0.326889,0.0899778,0.229094,-0.0221595,-0.0143851,-0.222266,0.452528,0.106495,-1.73788e-11,0.354715,-0.026531,-1.63883e-11,0.248553,0.138756,-1.25484e-11,0.245167,0.0222702,1.39066e-309
0.328496,0.0911325,0.228715,-0.0254101,-0.0126317,-0.223419,0.452528,0.106495,-1.73788e-11,0.354715,-0.026531,-1.63883e-11,0.248553,0.138756,-1.25484e-11,0.249783,0.0233691,1.39066e-309
0.330122,0.0921844,0.228308,-0.0278704,-0.0109285,-0.224518,0.452528,0.106495,-1.73788e-11,0.354715,-0.026531,-1.63883e-11,0.248553,0.138756,-1.25484e-11,0.254327,0.0244508,1.39066e-309
0.33176,0.0931305,0.227892,-0.0296127,-0.00927067,-0.225546,0.452528,0.106495,-1.73788e-11,0.354715,-0.026531,-1.63883e-11,0.248553,0.138756,-1.25484e-11,0.258758,0.0255055,1.39066e-309
0.333406,0.0939679,0.227483,-0.0307092,-0.00765381,-0.226485,0.452528,0.106495,-1.73788e-11,0.354715,-0.026531,-1.63883e-11,0.248553,0.138756,-1.25484e-11,0.263035,0.0265236,1.39066e-309
0.335056,0.0946935,0.227098,-0.0312321,-0.00607331,-0.227317,0.452528,0.106495,-1.73788e-11,0.354763,-0.0265229,4.62351e-05,0.248553,0.138756,-1.25484e-11,0.267117,0.0274953,1.39066e-309
0.336703,0.0953043,0.226756,-0.0312535,-0.00452462,-0.228025,0.452528,0.106495,-1.73788e-11,0.355291,-0.0264354,0.00054399,0.248553,0.138756,-1.25484e-11,0.270963,0.028411,1.39066e-309
0.338343,0.0957975,0.226474,-0.0308458,-0.00300316,-0.228591,0.452528,0.106495,-1.73788e-11,0.356368,-0.0262567,0.00153886,0.248553,0.138756,-1.25484e-11,0.274533,0.0292608,1.39066e-309
0.339971,0.0961701,0.226269,-0.0300811,-0.00150438,-0.228996,0.452528,0.106495,-1.73788e-11,0.357954,-0.0259935,0.00296978,0.248553,0.138756,-1.25484e-11,0.277787,0.0300353,1.39066e-309
0.341582,0.096419,0.226158,-0.0290316,-2.37178e-05,-0.229224,0.452528,0.106495,-1.73788e-11,0.36001,-0.0256524,0.00477571,0.248553,0.138756,-1.25484e-11,0.280682,0.0307245,1.39066e-309
0.343171,0.0965425,0.226154,-0.0277581,0.00144539,-0.22926,0.452528,0.106495,-1.73788e-11,0.362494,-0.0252402,0.00689558,0.248553,0.138756,-1.25484e-11,0.283179,0.0313189,1.39066e-309
0.344734,0.0965437,0.226245,-0.0262748,0.00291749,-0.229102,0.452528,0.106495,-1.73788e-11,0.365368,-0.0247634,0.00926836,0.248553,0.138756,-1.25484e-11,0.285236,0.0318086,1.39066e-309
0.346267,0.0964272,0.226413,-0.0245846,0.00440912,-0.228755,0.452528,0.106495,-1.73788e-11,0.36859,-0.0242287,0.011833,0.248553,0.138756,-1.25484e-11,0.286814,0.0321841,1.39066e-309
0.347766,0.0961972,0.226643,-0.0226904,0.00593683,-0.22822,0.452528,0.106495,-1.73788e-11,0.372122,-0.0236427,0.0145284,0.248553,0.138756,-1.25484e-11,0.28787,0.0324357,1.39066e-309
0.349227,0.0958581,0.226916,-0.020595,0.00751714,-0.2275,0.452528,0.106495,-1.73788e-11,0.375922,-0.0230122,0.0172935,0.248553,0.138756,-1.25484e-11,0.288365,0.0325535,1.39066e-309
0.350647,0.0954144,0.227217,-0.0183012,0.00916662,-0.226599,0.452528,0.106495,-1.73788e-11,0.37995,-0.0223437,0.0200674,0.248553,0.138756,-1.25484e-11,0.288399,0.0325614,1.39066e-309
0.352022,0.0948703,0.227527,-0.0158119,0.0109018,-0.225518,0.452528,0.106495,-1.73788e-11,0.384168,-0.021644,0.0227888,0.248553,0.138756,-1.25484e-11,0.288399,0.0325614,1.39066e-309
0.353347,0.0942304,0.22783,-0.0131299,0.0127392,-0.22426,0.452528,0.106495,-1.73788e-11,0.388534,-0.0209195,0.0253968,0.248553,0.138756,-1.25484e-11,0.288399,0.0325614,1.39066e-309
0.354619,0.093499,0.228109,-0.010258,0.0146954,-0.222828,0.452528,0.106495,-1.73788e-11,0.393008,-0.0201771,0.0278304,0.248553,0.138756,-1.25484e-11,0.288399,0.0325614,1.39066e-309
0.355834,0.0926804,0.228346,-0.00719914,0.0167869,-0.221225,0.452528,0.106495,-1.73788e-11,0.397551,-0.0194234,0.0300284,0.248553,0.138756,-1.25484e-11,0.288399,0.0325614,1.39066e-309
0.356989,0.0917794,0.228528,-0.00397256,0.0190115,-0.219458,0.452528,0.106495,-1.73788e-11,0.402122,-0.0186649,0.0319299,0.248553,0.138756,-1.25484e-11,0.288399,0.0325614,1.39066e-309
0.358085,0.0908022,0.228653,-0.000663441,0.021292,-0.217559,0.452528,0.106495,-1.73788e-11,0.406681,-0.0179084,0.0334737,0.248553,0.138756,-1.25484e-11,0.288399,0.0325614,1.39066e-309
0.359123,0.0897553,0.22872,0.00262658,0.0235325,-0.215562,0.452528,0.106495,-1.73788e-11,0.411189,-0.0171605,0.0345988,0.248553,0.138756,-1.25484e-11,0.288399,0.0325614,1.39066e-309
0.360106,0.0886452,0.228731,0.00579587,0.025637,-0.213504,0.452528,0.106495,-1.73788e-11,0.415604,-0.0164279,0.0352441,0.248553,0.138756,-1.25484e-11,0.288399,0.0325614,1.39066e-309
0.361035,0.0874784,0.228687,0.00874279,0.0275095,-0.21142,0.452528,0.106495,-1.73788e-11,0.419903,-0.0157145,0.0353493,0.248553,0.138756,-1.25484e-11,0.288399,0.0325614,1.39066e-309
0.361912,0.0862614,0.228588,0.0113657,0.029054,-0.209346,0.452528,0.106495,-1.73788e-11,0.424275,-0.0149893,0.0348976,0.248553,0.138756,-1.25484e-11,0.288399,0.0325614,1.39066e-309
0.362738,0.0850007,0.228435,0.013563,0.0301747,-0.207317,0.452528,0.106495,-1.73788e-11,0.428752,-0.0142463,0.0339435,0.248553,0.138756,-1.25484e-11,0.288399,0.0325614,1.39066e-309
0.363515,0.0837028,0.228228,0.015233,0.0307755,-0.20537,0.452528,0.106495,-1.73788e-11,0.433297,-0.0134922,0.032548,0.248553,0.138756,-1.25484e-11,0.288399,0.0325614,1.39066e-309
0.364246,0.0823743,0.227968,0.016274,0.0307605,-0.203539,0.452528,0.106495,-1.73788e-11,0.437869,-0.0127337,0.0307722,0.248553,0.138756,-1.25484e-11,0.288399,0.0325614,1.39066e-309
0.364931,0.0810217,0.227656,0.0165846,0.0300337,-0.201861,0.452528,0.106495,-1.73788e-11,0.442426,-0.0119774,0.0286772,0.248553,0.138756,-1.25484e-11,0.288399,0.0325614,1.39066e-309
0.365573,0.0796505,0.227296,0.0160992,0.0285319,-0.200368,0.452528,0.106495,-1.73788e-11,0.446931,-0.01123,0.0263239,0.248553,0.138756,-1.25484e-11,0.288399,0.0325614,1.39066e-309
0.366175,0.0782632,0.226899,0.0148975,0.026323,-0.199078,0.452528,0.106495,-1.73788e-11,0.451342,-0.0104981,0.0237736,0.248553,0.138756,-1.25484e-11,0.288399,0.0325614,1.39066e-309
0.366743,0.076861,0.226482,0.0130955,0.0235074,-0.198005,0.452528,0.106495,-1.73788e-11,0.455619,-0.00978841,0.0210871,0.248553,0.138756,-1.25484e-11,0.288399,0.0325614,1.39066e-309
0.367279,0.0754455,0.226059,0.010809,0.0201856,-0.197163,0.452528,0.106495,-1.73788e-11,0.459723,-0.00910753,0.0183256,0.248553,0.138756,-1.25484e-11,0.288399,0.0325614,1.39066e-309
0.367788,0.074018,0.225647,0.00815399,0.0164583,-0.196569,0.452528,0.106495,-1.73788e-11,0.463612,-0.00846214,0.0155501,0.248849,0.138807,0.000246352,0.288399,0.0325614,1.39066e-309
0.368275,0.0725799,0.22526,0.00524636,0.0124259,-0.196235,0.452528,0.106495,-1.73788e-11,0.467248,-0.00785887,0.0128217,0.249763,0.138965,0.000991808,0.288399,0.0325614,1.39066e-309
0.368742,0.0711328,0.224915,0.00220204,0.00818899,-0.196176,0.452528,0.106495,-1.73788e-11,0.47059,-0.00730437,0.0102014,0.251251,0.139223,0.00217866,0.288399,0.0325614,1.39066e-309
0.369196,0.0696779,0.224626,-0.000863079,0.00384809,-0.196408,0.452528,0.106495,-1.73788e-11,0.473598,-0.00680531,0.00775023,0.25327,0.139573,0.00374873,0.288399,0.0325614,1.39066e-309
0.369639,0.0682168,0.224409,-0.00383307,-0.000496275,-0.196943,0.452528,0.106495,-1.73788e-11,0.476231,-0.00636832,0.00552934,0.255776,0.140007,0.00564381,0.288399,0.0325614,1.39066e-309
0.370075,0.0667507,0.22428,-0.00659201,-0.00474356,-0.197798,0.452528,0.106495,-1.73788e-11,0.478451,-0.00600006,0.00359973,0.258726,0.140518,0.00780572,0.288399,0.0325614,1.39066e-309
0.37051,0.0652815,0.224248,-0.00903883,-0.00880081,-0.19898,0.452528,0.106495,-1.73788e-11,0.480216,-0.00570717,0.00202246,0.262075,0.141098,0.0101763,0.288399,0.0325614,1.39066e-309
0.370948,0.0638113,0.224302,-0.0111317,-0.0126054,-0.20047,0.452528,0.106495,-1.73788e-11,0.481487,-0.00549632,0.000858579,0.26578,0.141739,0.0126972,0.288399,0.0325614,1.39066e-309
0.371393,0.0623429,0.224424,-0.0128438,-0.0161022,-0.202242,0.452528,0.106495,-1.73788e-11,0.482223,-0.00537414,0.000169142,0.269797,0.142435,0.0153105,0.288399,0.0325614,1.39066e-309
0.371851,0.0608788,0.224597,-0.0141481,-0.0192362,-0.20427,0.452528,0.106495,-1.73788e-11,0.482401,-0.00534468,-1.38962e-11,0.274083,0.143177,0.0179578,0.288399,0.0325614,1.39066e-309
0.372326,0.0594215,0.224805,-0.0150176,-0.0219523,-0.20653,0.452528,0.106495,-1.73788e-11,0.482401,-0.00534468,-1.38962e-11,0.278594,0.143959,0.020581,0.288399,0.0325614,1.39066e-309
0.372823,0.0579737,0.225029,-0.0154254,-0.0241954,-0.208995,0.452528,0.106495,-1.73788e-11,0.482401,-0.00534468,-1.38962e-11,0.283286,0.144771,0.0231218,0.288399,0.0325614,1.39066e-309
0.373347,0.0565379,0.225253,-0.0153445,-0.0259105,-0.211639,0.452528,0.106495,-1.73788e-11,0.482401,-0.00534468,-1.38962e-11,0.288115,0.145608,0.0255221,0.288399,0.0325614,1.39066e-309
0.373904,0.0551168,0.22546,-0.0147481,-0.0270426,-0.214438,0.452528,0.106495,-1.73788e-11,0.482401,-0.00534468,-1.38962e-11,0.293039,0.14646,0.0277238,0.288399,0.0325614,1.39066e-309
0.374496,0.0537129,0.225632,-0.0136091,-0.0275364,-0.217366,0.452528,0.106495,-1.73788e-11,0.482401,-0.00534468,-1.38962e-11,0.298012,0.147322,0.0296685,0.288399,0.0325614,1.39066e-309
0.375131,0.0523287,0.225753,-0.0119006,-0.027337,-0.220396,0.452528,0.106495,-1.73788e-11,0.482401,-0.00534468,-1.38962e-11,0.302992,0.148184,0.0312982,0.288399,0.0325614,1.39066e-309
0.375811,0.0509676,0.225809,-0.00961676,-0.026418,-0.223502,0.452528,0.106495,-1.73788e-11,0.482401,-0.00534468,-1.38962e-11,0.307935,0.14904,0.0325545,0.288399,0.0325614,1.39066e-309
0.376539,0.0496359,0.225802,-0.00683643,-0.024868,-0.226647,0.452528,0.106495,-1.73788e-11,0.482401,-0.00534468,-1.38962e-11,0.312797,0.149883,0.0333794,0.288399,0.0325614,1.39066e-309
0.377317,0.0483403,0.225741,-0.0036595,-0.0228043,-0.229793,0.452528,0.106495,-1.73788e-11,0.482401,-0.00534468,-1.38962e-11,0.317535,0.150703,0.0337147,0.288399,0.0325614,1.39066e-309
0.378146,0.0470878,0.225632,-0.000185903,-0.0203442,-0.232902,0.452528,0.106495,-1.73788e-11,0.482401,-0.00534468,-1.38962e-11,0.322236,0.151517,0.0335149,0.288399,0.0325614,1.39066e-309
0.379027,0.0458854,0.225481,0.00348444,-0.017605,-0.235937,0.452528,0.106495,-1.73788e-11,0.482401,-0.00534468,-1.38962e-11,0.327071,0.152355,0.0328105,0.288399,0.0325614,1.39066e-309
0.379963,0.04474,0.225297,0.00725161,-0.014704,-0.23886,0.452528,0.106495,-1.73788e-11,0.482401,-0.00534468,-1.38962e-11,0.331997,0.153208,0.0316597,0.288399,0.0325614,1.39066e-309
0.380954,0.0436585,0.225086,0.0110157,-0.0117585,-0.241631,0.452528,0.106495,-1.73788e-11,0.482401,-0.00534468,-1.38962e-11,0.336972,0.154069,0.0301206,0.288399,0.0325614,1.39066e-309
0.382003,0.0426478,0.224855,0.0146767,-0.00888589,-0.244214,0.452528,0.106495,-1.73788e-11,0.482401,-0.00534468,-1.38962e-11,0.341951,0.154932,0.0282514,0.288399,0.0325614,1.39066e-309
0.383111,0.0417148,0.224611,0.0181348,-0.00620337,-0.246571,0.452528,0.106495,-1.73788e-11,0.482401,-0.00534468,-1.38962e-11,0.346892,0.155787,0.0261104,0.288399,0.0325614,1.39066e-309
0.384279,0.0408664,0.224361,0.02129,-0.00382828,-0.248662,0.452528,0.106495,-1.73788e-11,0.482401,-0.00534468,-1.38962e-11,0.35175,0.156629,0.0237556,0.288399,0.0325614,1.39066e-309
0.385508,0.040109,0.224112,0.0240595,-0.00184864,-0.250458,0.452528,0.106495,-1.73788e-11,0.482401,-0.00534468,-1.38962e-11,0.356481,0.157448,0.0212454,0.288399,0.0325614,1.39066e-309
0.386796,0.0394462,0.223877,0.0264293,-0.000235385,-0.251954,0.452528,0.106495,-1.73788e-11,0.482401,-0.00534468,-1.38962e-11,0.361043,0.158238,0.0186379,0.288399,0.0325614,1.39066e-309
0.388137,0.0388811,0.223665,0.0284023,0.00106985,-0.253152,0.452609,0.106515,7.83925e-05,0.482401,-0.00534468,-1.38962e-11,0.365391,0.158991,0.0159912,0.288399,0.0325614,1.39066e-309
0.389527,0.0384167,0.223488,0.0299816,0.00212541,-0.254054,0.453214,0.106662,0.00065432,0.482401,-0.00534468,-1.38962e-11,0.369481,0.1597,0.0133636,0.288399,0.0325614,1.39066e-309
0.390963,0.0380561,0.223357,0.0311702,0.00298966,-0.254663,0.454376,0.106944,0.00173671,0.482401,-0.00534468,-1.38962e-11,0.373271,0.160356,0.0108133,0.288399,0.0325614,1.39066e-309
0.392441,0.0378024,0.223285,0.0319711,0.00372095,-0.254981,0.456053,0.10735,0.00326249,0.482401,-0.00534468,-1.38962e-11,0.376716,0.160953,0.00839849,0.288399,0.0325614,1.39066e-309
0.393956,0.0376585,0.223282,0.0323873,0.00437763,-0.255011,0.458206,0.107873,0.00516857,0.482401,-0.00534468,-1.38962e-11,0.379772,0.161482,0.00617729,0.288399,0.0325614,1.39066e-309
0.395504,0.0376275,0.22336,0.0324219,0.00501807,-0.254755,0.460792,0.1085,0.00739186,0.482401,-0.00534468,-1.38962e-11,0.382396,0.161937,0.00420795,0.288399,0.0325614,1.39066e-309
0.397081,0.0377125,0.223531,0.032078,0.00570061,-0.254216,0.463771,0.109222,0.00986928,0.482401,-0.00534468,-1.38962e-11,0.384545,0.162309,0.00254863,0.288399,0.0325614,1.39066e-309
0.398683,0.0379166,0.223805,0.0313584,0.00648362,-0.253395,0.467102,0.11003,0.0125377,0.482401,-0.00534468,-1.38962e-11,0.386174,0.162591,0.00125754,0.288399,0.0325614,1.39066e-309
0.400306,0.0382418,0.224188,0.0302675,0.0074119,-0.252298,0.470743,0.110913,0.0153342,0.482401,-0.00534468,-1.38962e-11,0.38724,0.162776,0.00039287,0.288399,0.0325614,1.39066e-309
0.401943,0.0386869,0.224666,0.0288139,0.00847614,-0.250944,0.474655,0.111862,0.0181955,0.482401,-0.00534468,-1.38962e-11,0.387699,0.162855,1.28062e-05,0.288399,0.0325614,1.39066e-309
0.403589,0.0392494,0.225217,0.0270077,0.00965345,-0.249353,0.478796,0.112866,0.0210586,0.482401,-0.00534468,-1.38962e-11,0.387715,0.162858,-1.90646e-11,0.288399,0.0325614,1.39066e-309
0.405238,0.0399272,0.22582,0.0248588,0.010921,-0.247546,0.483125,0.113916,0.0238604,0.482401,-0.00534468,-1.38962e-11,0.387715,0.162858,-1.90646e-11,0.288399,0.0325614,1.39066e-309
0.406883,0.0407178,0.226454,0.0223771,0.0122559,-0.245545,0.487601,0.115002,0.0265378,0.482401,-0.00534468,-1.38962e-11,0.387715,0.162858,-1.90646e-11,0.288399,0.0325614,1.39066e-309
0.408519,0.0416191,0.2271,0.0195726,0.0136352,-0.24337,0.492183,0.116113,0.0290278,0.482401,-0.00534468,-1.38962e-11,0.387715,0.162858,-1.90646e-11,0.288399,0.0325614,1.39066e-309
0.410139,0.0426286,0.227735,0.0164552,0.0150362,-0.241044,0.49683,0.11724,0.0312673,0.482401,-0.00534468,-1.38962e-11,0.387715,0.162858,-1.90646e-11,0.288399,0.0325614,1.39066e-309
0.411738,0.0437442,0.228338,0.0130348,0.0164359,-0.238586,0.501502,0.118373,0.0331931,0.482401,-0.00534468,-1.38962e-11,0.387715,0.162858,-1.90646e-11,0.288399,0.0325614,1.39066e-309
0.413309,0.0449635,0.22889,0.0093215,0.0178115,-0.236018,0.506157,0.119502,0.0347422,0.482401,-0.00534468,-1.38962e-11,0.387715,0.162858,-1.90646e-11,0.288399,0.0325614,1.39066e-309
0.414847,0.0462843,0.229369,0.00532511,0.0191401,-0.233362,0.510754,0.120617,0.0358515,0.482401,-0.00534468,-1.38962e-11,0.387715,0.162858,-1.90646e-11,0.288399,0.0325614,1.39066e-309
0.416345,0.0477037,0.229758,0.00108167,0.0203925,-0.230638,0.515253,0.121708,0.0364579,0.482401,-0.00534468,-1.38962e-11,0.387715,0.162858,-1.90646e-11,0.288399,0.0325614,1.39066e-309
0.417804,0.0492174,0.230055,-0.00326856,0.0215147,-0.227872,0.519642,0.122773,0.0365,0.482401,-0.00534468,-1.38962e-11,0.387715,0.162858,-1.90646e-11,0.288399,0.0325614,1.39066e-309
0.419221,0.0508203,0.230265,-0.00755927,0.0224461,-0.225086,0.524123,0.12386,0.0359711,0.482401,-0.00534468,-1.38962e-11,0.387715,0.162858,-1.90646e-11,0.288399,0.0325614,1.39066e-309
0.420596,0.0525075,0.230389,-0.0116241,0.0231262,-0.222307,0.528708,0.124972,0.0349301,0.482401,-0.00534468,-1.38962e-11,0.387715,0.162858,-1.90646e-11,0.288399,0.0325614,1.39066e-309
0.421928,0.054274,0.230431,-0.0152968,0.0234946,-0.219559,0.533358,0.126099,0.0334404,0.482401,-0.00534468,-1.38962e-11,0.387715,0.162858,-1.90646e-11,0.288399,0.0325614,1.39066e-309
0.423218,0.056115,0.230392,-0.0184111,0.0234909,-0.216866,0.538029,0.127233,0.0315648,0.482401,-0.00534468,-1.38962e-11,0.387715,0.162858,-1.90646e-11,0.288399,0.0325614,1.39066e-309
0.424463,0.0580255,0.230277,-0.0208005,0.0230546,-0.214252,0.542683,0.128361,0.0293666,0.482401,-0.00534468,-1.38962e-11,0.387715,0.162858,-1.90646e-11,0.288399,0.0325614,1.39066e-309
0.425663,0.0600004,0.230087,-0.0222989,0.0221251,-0.211744,0.547277,0.129475,0.0269087,0.482401,-0.00534468,-1.38962e-11,0.387715,0.162858,-1.90646e-11,0.288399,0.0325614,1.39066e-309
0.426818,0.062035,0.229826,-0.0227398,0.0206421,-0.209364,0.55177,0.130565,0.0242543,0.482401,-0.00534468,-1.38962e-11,0.387715,0.162858,-1.90646e-11,0.288399,0.0325614,1.39066e-309
0.427926,0.0641242,0.229496,-0.021957,0.0185451,-0.207138,0.556123,0.131621,0.0214665,0.482401,-0.00534468,-1.38962e-11,0.387715,0.162858,-1.90646e-11,0.288399,0.0325614,1.39066e-309
0.428989,0.066263,0.229103,-0.0198537,0.0158038,-0.205088,0.560293,0.132632,0.0186083,0.482401,-0.00534468,-1.38962e-11,0.387715,0.162858,-1.90646e-11,0.2884,0.0325615,1.39066e-309
0.430009,0.0684462,0.228661,-0.0166113,0.0125084,-0.203222,0.564241,0.13359,0.0157429,0.482401,-0.00534468,-1.38962e-11,0.387715,0.162858,-1.90646e-11,0.288689,0.0325877,1.39066e-309
0.430992,0.0706685,0.228188,-0.0124806,0.00877934,-0.201546,0.567924,0.134483,0.0129332,0.482401,-0.00534468,-1.38962e-11,0.387715,0.162858,-1.90646e-11,0.289458,0.0326575,1.39066e-309
0.431943,0.0729244,0.227699,-0.00771253,0.00473693,-0.200066,0.571302,0.135302,0.0102425,0.482401,-0.00534468,-1.38962e-11,0.387715,0.162858,-1.90646e-11,0.290675,0.0327678,1.39066e-309
0.432866,0.0752089,0.227214,-0.00255806,0.0005016,-0.19879,0.574334,0.136038,0.00773374,0.482401,-0.00534468,-1.38962e-11,0.387715,0.162858,-1.90646e-11,0.292303,0.0329155,1.39066e-309
0.433766,0.0775164,0.226748,0.00273195,-0.00380627,-0.197721,0.576979,0.136679,0.00547004,0.482401,-0.00534468,-1.38962e-11,0.387715,0.162858,-1.90646e-11,0.29431,0.0330975,1.39066e-309
0.434649,0.0798417,0.226318,0.00790659,-0.0080663,-0.196867,0.579196,0.137217,0.0035145,0.482401,-0.00534468,-1.38962e-11,0.387715,0.162858,-1.90646e-11,0.29666,0.0333107,1.39066e-309
0.435519,0.0821795,0.225943,0.012715,-0.0121581,-0.196234,0.580944,0.137641,0.00193019,0.482401,-0.00534468,-1.38962e-11,0.387715,0.162858,-1.90646e-11,0.29932,0.0335519,1.39066e-309
0.436381,0.0845244,0.225638,0.0169061,-0.0159613,-0.195827,0.582183,0.137941,0.000780191,0.482401,-0.00534468,-1.38962e-11,0.387715,0.162858,-1.90646e-11,0.302255,0.0338181,1.39066e-309
0.43724,0.0868712,0.225421,0.0202292,-0.0193555,-0.195653,0.58287,0.138108,0.000127596,0.482401,-0.00534468,-1.38962e-11,0.387715,0.162858,-1.90646e-11,0.305431,0.0341062,1.39066e-309
0.4381,0.089214,0.225304,0.022489,-0.0222392,-0.195712,0.583003,0.13814,-1.54914e-11,0.482401,-0.00534468,-1.38962e-11,0.387715,0.162858,-1.90646e-11,0.308813,0.034413,1.39066e-309
0.438965,0.0915453,0.225282,0.0237129,-0.0245867,-0.195987,0.583003,0.13814,-1.54914e-11,0.482401,-0.00534468,-1.38962e-11,0.387715,0.162858,-1.90646e-11,0.312368,0.0347354,1.39066e-309
0.439839,0.093857,0.225345,0.023984,-0.026391,-0.196454,0.583003,0.13814,-1.54914e-11,0.482401,-0.00534468,-1.38962e-11,0.387715,0.162858,-1.90646e-11,0.316062,0.0350704,1.39066e-309
0.440726,0.096141,0.225483,0.0233855,-0.0276454,-0.197088,0.583003,0.13814,-1.54914e-11,0.482401,-0.00534468,-1.38962e-11,0.387715,0.162858,-1.90646e-11,0.319859,0.0354148,1.39066e-309
0.441628,0.0983893,0.225685,0.0220003,-0.0283429,-0.197868,0.583003,0.13814,-1.54914e-11,0.482401,-0.00534468,-1.38962e-11,0.387715,0.162858,-1.90646e-11,0.323726,0.0357656,1.39066e-309
0.442549,0.100594,0.225941,0.0199117,-0.0284766,-0.198769,0.583003,0.13814,-1.54914e-11,0.482401,-0.00534468,-1.38962e-11,0.387715,0.162858,-1.90646e-11,0.327629,0.0361195,1.39066e-309
0.443493,0.102746,0.226241,0.0172028,-0.0280398,-0.199767,0.583003,0.13814,-1.54914e-11,0.482401,-0.00534468,-1.38962e-11,0.387715,0.162858,-1.90646e-11,0.331533,0.0364736,1.39066e-309
0.444463,0.104839,0.226574,0.0139565,-0.0270255,-0.200841,0.583003,0.13814,-1.54914e-11,0.482401,-0.00534468,-1.38962e-11,0.387715,0.162858,-1.90646e-11,0.335404,0.0368247,1.39066e-309
0.445463,0.106863,0.226932,0.0102561,-0.0254269,-0.201965,0.583003,0.13814,-1.54914e-11,0.482401,-0.00534468,-1.38962e-11,0.387715,0.162858,-1.90646e-11,0.339207,0.0371696,1.39066e-309
0.446495,0.108812,0.227303,0.00618462,-0.023237,-0.203117,0.583003,0.13814,-1.54914e-11,0.482401,-0.00534468,-1.38962e-11,0.387715,0.162858,-1.90646e-11,0.342909,0.0375054,1.39066e-309
0.447564,0.110677,0.227679,0.00183072,-0.02047,-0.204273,0.583003,0.13814,-1.54914e-11,0.482401,-0.00534468,-1.38962e-11,0.387715,0.162858,-1.90646e-11,0.346607,0.0378408,1.39066e-309
0.448664,0.112455,0.228057,-0.00269481,-0.0172232,-0.205411,0.583003,0.13814,-1.54914e-11,0.482401,-0.00534468,-1.38962e-11,0.387715,0.162858,-1.90646e-11,0.350408,0.0381856,1.39066e-309
0.449793,0.114142,0.228434,-0.00727563,-0.0136151,-0.20651,0.583003,0.13814,-1.54914e-11,0.482401,-0.00534468,-1.38962e-11,0.387715,0.162858,-1.90646e-11,0.354277,0.0385365,1.39066e-309
0.450945,0.115736,0.228811,-0.0117954,-0.00976397,-0.207545,0.583003,0.13814,-1.54914e-11,0.482401,-0.00534468,-1.38962e-11,0.387715,0.162858,-1.90646e-11,0.358181,0.0388905,1.39066e-309
0.452115,0.117232,0.229184,-0.0161378,-0.0057882,-0.208497,0.583003,0.13814,-1.54914e-11,0.482401,-0.00534468,-1.38962e-11,0.387715,0.162858,-1.90646e-11,0.362084,0.0392445,1.39066e-309
0.453301,0.118628,0.229552,-0.0201864,-0.00180614,-0.209342,0.583003,0.13814,-1.54914e-11,0.482401,-0.00534468,-1.38962e-11,0.387715,0.162858,-1.90646e-11,0.365953,0.0395954,1.39066e-309
0.454496,0.11992,0.229914,-0.023825,0.00206385,-0.210058,0.583003,0.13814,-1.54914e-11,0.482401,-0.00534468,-1.38962e-11,0.387715,0.162858,-1.90646e-11,0.369753,0.0399401,1.39066e-309
0.455697,0.121105,0.230268,-0.0269372,0.00570342,-0.210623,0.583003,0.13814,-1.54914e-11,0.482401,-0.00534468,-1.38962e-11,0.387715,0.162858,-1.90646e-11,0.37345,0.0402754,1.39066e-309
0.456899,0.122181,0.230613,-0.0294067,0.00899421,-0.211015,0.583003,0.13814,-1.54914e-11,0.482401,-0.00534468,-1.38962e-11,0.387715,0.162858,-1.90646e-11,0.377009,0.0405983,1.39066e-309
0.458098,0.123142,0.230946,-0.0311171,0.0118179,-0.211212,0.583003,0.13814,-1.54914e-11,0.48251,-0.00530861,0.000128572,0.387715,0.162858,-1.90646e-11,0.380398,0.0409056,1.39066e-309
0.45929,0.123989,0.231265,-0.0319866,0.0140809,-0.211195,0.583003,0.13814,-1.54914e-11,0.483121,-0.00510807,0.000831977,0.387715,0.162858,-1.90646e-11,0.38358,0.0411943,1.39066e-309
0.460467,0.124721,0.231566,-0.0320716,0.0157896,-0.210957,0.583003,0.13814,-1.54914e-11,0.484233,-0.00474244,0.00208695,0.387715,0.162858,-1.90646e-11,0.386523,0.0414611,1.39066e-309
0.461625,0.125341,0.231841,-0.0314626,0.0169749,-0.210497,0.583003,0.13814,-1.54914e-11,0.485811,-0.00422397,0.00382381,0.387715,0.162858,-1.90646e-11,0.389192,0.0417032,1.39066e-309
0.462757,0.125853,0.232085,-0.0302507,0.0176679,-0.20981,0.583003,0.13814,-1.54914e-11,0.487817,-0.00356492,0.00597287,0.387715,0.162858,-1.90646e-11,0.391552,0.0419172,1.39066e-309
0.463857,0.126257,0.232291,-0.0285265,0.0178998,-0.208895,0.583003,0.13814,-1.54914e-11,0.490213,-0.00277752,0.00846442,0.387715,0.162858,-1.90646e-11,0.393569,0.0421002,1.39066e-309
0.46492,0.126558,0.232454,-0.0263808,0.0177016,-0.207748,0.583003,0.13814,-1.54914e-11,0.492963,-0.00187403,0.0112288,0.387715,0.162858,-1.90646e-11,0.395209,0.042249,1.39066e-309
0.465939,0.126756,0.232568,-0.0239045,0.0171043,-0.206366,0.583003,0.13814,-1.54914e-11,0.496029,-0.000866699,0.0141963,0.387715,0.162858,-1.90646e-11,0.396438,0.0423604,1.39066e-309
0.466908,0.126856,0.232625,-0.0211882,0.0161391,-0.204747,0.583003,0.13814,-1.54914e-11,0.499373,0.000232232,0.0172972,0.387715,0.162858,-1.90646e-11,0.397222,0.0424315,1.39066e-309
0.46782,0.126858,0.232621,-0.0183229,0.0148371,-0.202888,0.583003,0.13814,-1.54914e-11,0.502959,0.00141051,0.0204619,0.387715,0.162858,-1.90646e-11,0.397526,0.0424591,1.39066e-309
0.468671,0.126766,0.232548,-0.0153993,0.0132292,-0.200786,0.583003,0.13814,-1.54914e-11,0.50675,0.00265589,0.0236206,0.387715,0.162858,-1.90646e-11,0.397528,0.0424593,1.39066e-309
0.469456,0.126583,0.232404,-0.0125039,0.0113511,-0.19844,0.583003,0.13814,-1.54914e-11,0.510707,0.00395612,0.0267037,0.387715,0.162858,-1.90646e-11,0.397528,0.0424593,1.39066e-309
0.470179,0.126316,0.232194,-0.00970615,0.00925545,-0.195854,0.583003,0.13814,-1.54914e-11,0.514793,0.00529896,0.0296414,0.387715,0.162858,-1.90646e-11,0.397528,0.0424593,1.39066e-309
0.470844,0.125972,0.231927,-0.00707105,0.00699968,-0.193036,0.583003,0.13814,-1.54914e-11,0.518973,0.00667215,0.0323642,0.387715,0.162858,-1.90646e-11,0.397528,0.0424593,1.39066e-309
0.471457,0.125561,0.231611,-0.00466375,0.00464103,-0.189993,0.583003,0.13814,-1.54914e-11,0.523207,0.00806344,0.0348022,0.387715,0.162858,-1.90646e-11,0.397528,0.0424593,1.39066e-309
0.472024,0.125089,0.231255,-0.00254935,0.00223675,-0.186731,0.583003,0.13814,-1.54914e-11,0.527459,0.0094606,0.0368859,0.387715,0.162858,-1.90646e-11,0.397528,0.0424593,1.39066e-309
0.472551,0.124564,0.230868,-0.000792952,-0.000155864,-0.183257,0.583003,0.13814,-1.54914e-11,0.531692,0.0108514,0.0385454,0.387715,0.162858,-1.90646e-11,0.397528,0.0424593,1.39066e-309
0.473042,0.123995,0.230456,0.000540335,-0.00247956,-0.179579,0.583003,0.13814,-1.54914e-11,0.535868,0.0122235,0.0397112,0.387715,0.162858,-1.90646e-11,0.397528,0.0424593,1.39066e-309
0.473503,0.123389,0.230031,0.00138541,-0.00467705,-0.175702,0.583003,0.13814,-1.54914e-11,0.53995,0.0135648,0.0403135,0.387715,0.162858,-1.90646e-11,0.397528,0.0424593,1.39066e-309
0.473939,0.122754,0.229598,0.00167717,-0.00669108,-0.171635,0.583003,0.13814,-1.54914e-11,0.543944,0.0148772,0.0402863,0.387715,0.162858,-1.90646e-11,0.397528,0.0424593,1.39066e-309
0.474356,0.122098,0.229168,0.00135052,-0.00846436,-0.167383,0.583003,0.13814,-1.54914e-11,0.548035,0.0162215,0.0396341,0.387715,0.162858,-1.90646e-11,0.397528,0.0424593,1.39066e-309
0.47476,0.121429,0.228748,0.000373656,-0.0099512,-0.162955,0.583003,0.13814,-1.54914e-11,0.552217,0.0175956,0.0384243,0.387715,0.162858,-1.90646e-11,0.397528,0.0424593,1.39066e-309
0.475157,0.120748,0.22834,-0.00115197,-0.0111521,-0.158366,0.583003,0.13814,-1.54914e-11,0.556453,0.0189874,0.0367265,0.387715,0.162858,-1.90646e-11,0.397528,0.0424593,1.39066e-309
0.475554,0.12006,0.227945,-0.00309159,-0.0120793,-0.153631,0.583003,0.13814,-1.54914e-11,0.560705,0.0203846,0.0346105,0.387715,0.162858,-1.90646e-11,0.397528,0.0424593,1.39066e-309
0.475958,0.119367,0.227566,-0.00531045,-0.0127448,-0.148766,0.583003,0.13814,-1.54914e-11,0.564936,0.0217748,0.0321459,0.387715,0.162858,-1.90646e-11,0.397528,0.0424593,1.39066e-309
0.476376,0.118671,0.227205,-0.00767378,-0.0131607,-0.143788,0.583003,0.13814,-1.54914e-11,0.569109,0.0231459,0.0294024,0.387715,0.162858,-1.90646e-11,0.397528,0.0424593,1.39066e-309
0.476814,0.117976,0.226861,-0.0100468,-0.0133391,-0.138712,0.583003,0.13814,-1.54914e-11,0.573186,0.0244857,0.0264498,0.387715,0.162858,-1.90646e-11,0.397528,0.0424593,1.39066e-309
0.477279,0.117283,0.226538,-0.0122949,-0.0132922,-0.133554,0.583003,0.13814,-1.54914e-11,0.577131,0.0257818,0.0233577,0.387715,0.162858,-1.90646e-11,0.397528,0.0424593,1.39066e-309
0.477779,0.116595,0.226236,-0.0142831,-0.0130321,-0.128331,0.583003,0.13814,-1.54914e-11,0.580905,0.027022,0.0201958,0.387715,0.162858,-1.90646e-11,0.397528,0.0424593,1.39066e-309
0.478321,0.115915,0.225958,-0.0158767,-0.0125709,-0.123057,0.583003,0.13814,-1.54914e-11,0.584473,0.0281941,0.0170338,0.387715,0.162858,-1.90646e-11,0.397528,0.0424593,1.39066e-309
0.47891,0.115246,0.225705,-0.016941,-0.0119207,-0.117749,0.583003,0.13814,-1.54914e-11,0.587795,0.0292858,0.0139414,0.387715,0.162858,-1.90646e-11,0.397528,0.0424593,1.39066e-309
0.479552,0.11459,0.225477,-0.0173777,-0.0110948,-0.112423,0.583003,0.13814,-1.54914e-11,0.590836,0.0302849,0.0109883,0.387715,0.162858,-1.90646e-11,0.397528,0.0424593,1.39066e-309
0.480245,0.113944,0.225267,-0.0172342,-0.0101113,-0.107089,0.583003,0.13814,-1.54914e-11,0.593557,0.0311791,0.0082441,0.387715,0.162858,-1.90646e-11,0.397528,0.0424593,1.39066e-309
0.480984,0.113305,0.22507,-0.0165944,-0.00898955,-0.101759,0.583003,0.13814,-1.54914e-11,0.595922,0.0319562,0.00577859,0.387715,0.162858,-1.90646e-11,0.397528,0.0424593,1.39066e-309
0.481765,0.112673,0.224878,-0.0155421,-0.00774892,-0.096445,0.583003,0.13814,-1.54914e-11,0.597894,0.032604,0.00366141,0.387715,0.162858,-1.90646e-11,0.397528,0.0424593,1.39066e-309
0.482585,0.112042,0.224684,-0.0141613,-0.00640872,-0.0911567,0.583003,0.13814,-1.54914e-11,0.599434,0.0331101,0.00196227,0.387715,0.162858,-1.90646e-11,0.397528,0.0424593,1.39066e-309
0.483437,0.111412,0.224479,-0.0125358,-0.00498828,-0.0859056,0.583003,0.13814,-1.54914e-11,0.600506,0.0334624,0.00075086,0.387715,0.162858,-1.90646e-11,0.397528,0.0424593,1.39066e-309
0.484319,0.110779,0.224258,-0.0107496,-0.00350691,-0.0807029,0.583003,0.13814,-1.54914e-11,0.601073,0.0336485,9.68607e-05,0.387715,0.162858,-1.90646e-11,0.397528,0.0424593,1.39066e-309
0.485226,0.110141,0.224013,-0.00888644,-0.00198395,-0.0755596,0.583003,0.13814,-1.54914e-11,0.601155,0.0336757,-5.28656e-12,0.387715,0.162858,-1.90646e-11,0.397528,0.0424593,1.39066e-309
0.486154,0.109494,0.223737,-0.00703029,-0.00043873,-0.0704868,0.583003,0.13814,-1.54914e-11,0.601155,0.0336757,-5.28656e-12,0.387715,0.162858,-1.90646e-11,0.397528,0.0424593,1.39066e-309
0.487098,0.108837,0.223422,-0.00526501,0.00110942,-0.0654956,0.583003,0.13814,-1.54914e-11,0.601155,0.0336757,-5.28656e-12,0.387715,0.162858,-1.90646e-11,0.397528,0.0424593,1.39066e-309
0.488054,0.108168,0.223065,-0.00366042,0.00263824,-0.0605964,0.583003,0.13814,-1.54914e-11,0.601155,0.0336757,-5.28656e-12,0.387715,0.162858,-1.90646e-11,0.397528,0.0424593,1.39066e-309
0.489015,0.107492,0.222672,-0.00223004,0.00411369,-0.0557966,0.583003,0.13814,-1.54914e-11,0.601155,0.0336757,-5.28656e-12,0.387715,0.162858,-1.90646e-11,0.397528,0.0424593,1.39066e-309
0.489975,0.106814,0.222254,-0.000973304,0.00549882,-0.0511033,0.583003,0.13814,-1.54914e-11,0.601155,0.0336757,-5.28656e-12,0.387715,0.162858,-1.90646e-11,0.397528,0.0424593,1.39066e-309
0.490926,0.106141,0.22182,0.000110326,0.00675666,-0.0465234,0.583003,0.13814,-1.54914e-11,0.601155,0.0336757,-5.28656e-12,0.387715,0.162858,-1.90646e-11,0.397528,0.0424593,1.39066e-309
0.491862,0.105479,0.221382,0.00102141,0.00785025,-0.0420637,0.583003,0.13814,-1.54914e-11,0.601155,0.0336757,-5.28656e-12,0.387715,0.162858,-1.90646e-11,0.397528,0.0424593,1.39066e-309
0.492776,0.104833,0.220949,0.00176049,0.00874262,-0.0377311,0.583003,0.13814,-1.54914e-11,0.601155,0.0336757,-5.28656e-12,0.387715,0.162858,-1.90646e-11,0.397528,0.0424593,1.39066e-309
0.493661,0.10421,0.220532,0.00232813,0.00939681,-0.0335325,0.583003,0.13814,-1.54914e-11,0.601155,0.0336757,-5.28656e-12,0.387715,0.162858,-1.90646e-11,0.397528,0.0424593,1.39066e-309
0.49451,0.103615,0.220141,0.00272487,0.00977586,-0.0294748,0.583003,0.13814,-1.54914e-11,0.601155,0.0336757,-5.28656e-12,0.387715,0.162858,-1.90646e-11,0.397528,0.0424593,1.39066e-309
0.495316,0.103055,0.219785,0.00295128,0.00984279,-0.025565,0.583003,0.13814,-1.54914e-11,0.601155,0.0336757,-5.28656e-12,0.387715,0.162858,-1.90646e-11,0.397528,0.0424593,1.39066e-309
0.496073,0.102536,0.219475,0.00300789,0.00956065,-0.0218098,0.583003,0.13814,-1.54914e-11,0.601155,0.0336757,-5.28656e-12,0.387715,0.162858,-1.90646e-11,0.397528,0.0424593,1.39066e-309
0.496775,0.102063,0.219219,0.00290092,0.00891306,-0.018222,0.583003,0.13814,-1.54914e-11,0.601155,0.0336757,-5.28656e-12,0.387715,0.162858,-1.90646e-11,0.397528,0.0424593,1.39066e-309
0.497416,0.101636,0.219014,0.00265911,0.00796602,-0.014837,0.583003,0.13814,-1.54914e-11,0.601155,0.0336757,-5.28656e-12,0.387715,0.162858,-1.90646e-11,0.397528,0.0424593,1.39066e-309
0.497995,0.101258,0.218854,0.00231689,0.00680612,-0.011696,0.583003,0.13814,-1.54914e-11,0.601155,0.0336757,-5.28656e-12,0.387715,0.162858,-1.90646e-11,0.397528,0.0424593,1.39066e-309
0.498507,0.100928,0.218733,0.00190866,0.00551994,-0.00884008,0.583003,0.13814,-1.54914e-11,0.601155,0.0336757,-5.28656e-12,0.387715,0.162858,-1.90646e-11,0.397528,0.0424593,1.39066e-309
0.498949,0.100647,0.218647,0.00146883,0.00419407,-0.00631057,0.583003,0.13814,-1.54914e-11,0.601155,0.0336757,-5.28656e-12,0.387715,0.162858,-1.90646e-11,0.397528,0.0424593,1.39066e-309
0.499319,0.100416,0.218588,0.00103181,0.00291511,-0.0041486,0.583003,0.13814,-1.54914e-11,0.601155,0.0336757,-5.28656e-12,0.387715,0.162858,-1.90646e-11,0.397528,0.0424593,1.39066e-309
0.499612,0.100235,0.218552,0.000632006,0.00176963,-0.00239537,0.583003,0.13814,-1.54914e-11,0.601155,0.0336757,-5.28656e-12,0.387715,0.162858,-1.90646e-11,0.397528,0.0424593,1.39066e-309
0.499825,0.100105,0.218534,0.000303831,0.000844227,-0.00109207,0.583003,0.13814,-1.54914e-11,0.601155,0.0336757,-5.28656e-12,0.387715,0.162858,-1.90646e-11,0.397528,0.0424593,1.39066e-309
0.499956,0.100026,0.218527,8.16926e-05,0.000225488,-0.000279882,0.583003,0.13814,-1.54914e-11,0.601155,0.0336757,-5.28656e-12,0.387715,0.162858,-1.90646e-11,0.397528,0.0424593,1.39066e-309
0.5,0.1,0.218526,8.67362e-19,1.73472e-18,2.58159e-19,0.583003,0.13814,-1.54914e-11,0.601155,0.0336757,-5.28656e-12,0.387715,0.162858,-1.90646e-11,0.397528,0.0424593,1.39066e-309
