0.002854441667541646,0.3773683958437686,-0.8258984168018675,-0.0028361778839253652,0.37738238628661896,-0.8258948764618684,0.003039056639595997,-0.3774011647305125,0.8258585379479382,-0.06854673631570483,-0.2771136341657199,0.8092843649882075,0.0,0.0,0.0,0.0,0.0,0.0,0.0,0.0,0.0,0.0,0.0,0.0,-0.00553285842199823,-0.0028296818884208886,0.020539336772185474,0.005552496899004983,-0.0028146384014849893,0.020543143589388756,-0.005549401462800005,0.002794446526330655,-0.020582217260281505,0.014465874929349644,0.0036412535852474704,-0.03840390861483056
0.002854441667541646,0.3773683958437686,-0.8258984168018675,-0.0028361778839253652,0.37738238628661896,-0.8258948764618684,0.003039056639595997,-0.3774011647305125,0.8258585379479382,-0.06854673631570483,-0.2771136341657199,0.8092843649882075,0.0,0.0,0.0,0.0,0.0,0.0,0.0,0.0,0.0,0.0,0.0,0.0,-0.00553285842199823,-0.0028296818884208886,0.020539336772185474,0.005552496899004983,-0.0028146384014849893,0.020543143589388756,-0.005549401462800005,0.002794446526330655,-0.020582217260281505,0.014465874929349644,0.0036412535852474704,-0.03840390861483056
0.002854441667541646,0.3773683958437686,-0.8258984168018675,-0.0028361778839253652,0.37738238628661896,-0.8258948764618684,0.003039056639595997,-0.3774011647305125,0.8258585379479382,-0.06854673631570483,-0.2771136341657199,0.8092843649882075,0.0,0.0,0.0,0.0,0.0,0.0,0.0,0.0,0.0,0.0,0.0,0.0,-0.00553285842199823,-0.0028296818884208886,0.020539336772185474,0.005552496899004983,-0.0028146384014849893,0.020543143589388756,-0.005549401462800005,0.002794446526330655,-0.020582217260281505,0.014465874929349644,0.0036412535852474704,-0.03840390861483056
0.002854441667541646,0.3773683958437686,-0.8258984168018675,-0.0028361778839253652,0.37738238628661896,-0.8258948764618684,0.003039056639595997,-0.3774011647305125,0.8258585379479382,-0.06854673631570483,-0.2771136341657199,0.8092843649882075,0.0,0.0,0.0,0.0,0.0,0.0,0.0,0.0,0.0,0.0,0.0,0.0,-0.00553285842199823,-0.0028296818884208886,0.020539336772185474,0.005552496899004983,-0.0028146384014849893,0.020543143589388756,-0.005549401462800005,0.002794446526330655,-0.020582217260281505,0.014465874929349644,0.0036412535852474704,-0.03840390861483056
0.002854441667541646,0.3773683958437686,-0.8258984168018675,-0.0028361778839253652,0.37738238628661896,-0.8258948764618684,0.003039056639595997,-0.3774011647305125,0.8258585379479382,-0.06854673631570483,-0.2771136341657199,0.8092843649882075,0.0,0.0,0.0,0.0,0.0,0.0,0.0,0.0,0.0,0.0,0.0,0.0,-0.00553285842199823,-0.0028296818884208886,0.020539336772185474,0.005552496899004983,-0.0028146384014849893,0.020543143589388756,-0.005549401462800005,0.002794446526330655,-0.020582217260281505,0.014465874929349644,0.0036412535852474704,-0.03840390861483056
0.032453745408437824,0.4383671203932441,-0.9900243316477227,-0.0331039957916545,0.4385020167080345,-0.9901655138834635,0.0327790461456711,-0.4381555709541575,0.9902531512703776,-0.10940205487293699,-0.3191751350780772,0.965496352533787,-0.048459032827789725,8.015249741084407,-15.377852915728198,-0.1006147145728809,8.037738055667605,-15.397182152703637,-0.03024801298995343,-7.95541198337106,15.42400940756164,-0.2890568902586932,-6.504667821677166,13.188251933947333,0.026511460263677723,0.02684972738931085,-0.08704295107403795,-0.026542761090610215,0.026894023092565743,-0.0871081594055897,0.026564601648526066,-0.02689034518649978,0.08708219936079296,-0.02816951738013523,-0.012443389771780299,0.07047882022473806
0.032453745408437824,0.4383671203932441,-0.9900243316477227,-0.0331039957916545,0.4385020167080345,-0.9901655138834635,0.0327790461456711,-0.4381555709541575,0.9902531512703776,-0.10940205487293699,-0.3191751350780772,0.965496352533787,-0.048459032827789725,8.015249741084407,-15.377852915728198,-0.1006147145728809,8.037738055667605,-15.397182152703637,-0.03024801298995343,-7.95541198337106,15.42400940756164,-0.2890568902586932,-6.504667821677166,13.188251933947333,0.026511460263677723,0.02684972738931085,-0.08704295107403795,-0.026542761090610215,0.026894023092565743,-0.0871081594055897,0.026564601648526066,-0.02689034518649978,0.08708219936079296,-0.02816951738013523,-0.012443389771780299,0.07047882022473806
0.032453745408437824,0.4383671203932441,-0.9900243316477227,-0.0331039957916545,0.4385020167080345,-0.9901655138834635,0.0327790461456711,-0.4381555709541575,0.9902531512703776,-0.10940205487293699,-0.3191751350780772,0.965496352533787,-0.048459032827789725,8.015249741084407,-15.377852915728198,-0.1006147145728809,8.037738055667605,-15.397182152703637,-0.03024801298995343,-7.95541198337106,15.42400940756164,-0.2890568902586932,-6.504667821677166,13.188251933947333,0.026511460263677723,0.02684972738931085,-0.08704295107403795,-0.026542761090610215,0.026894023092565743,-0.0871081594055897,0.026564601648526066,-0.02689034518649978,0.08708219936079296,-0.02816951738013523,-0.012443389771780299,0.07047882022473806
0.032453745408437824,0.4383671203932441,-0.9900243316477227,-0.0331039957916545,0.4385020167080345,-0.9901655138834635,0.0327790461456711,-0.4381555709541575,0.9902531512703776,-0.10940205487293699,-0.3191751350780772,0.965496352533787,-0.048459032827789725,8.015249741084407,-15.377852915728198,-0.1006147145728809,8.037738055667605,-15.397182152703637,-0.03024801298995343,-7.95541198337106,15.42400940756164,-0.2890568902586932,-6.504667821677166,13.188251933947333,0.026511460263677723,0.02684972738931085,-0.08704295107403795,-0.026542761090610215,0.026894023092565743,-0.0871081594055897,0.026564601648526066,-0.02689034518649978,0.08708219936079296,-0.02816951738013523,-0.012443389771780299,0.07047882022473806
0.032453745408437824,0.4383671203932441,-0.9900243316477227,-0.0331039957916545,0.4385020167080345,-0.9901655138834635,0.0327790461456711,-0.4381555709541575,0.9902531512703776,-0.10940205487293699,-0.3191751350780772,0.965496352533787,-0.048459032827789725,8.015249741084407,-15.377852915728198,-0.1006147145728809,8.037738055667605,-15.397182152703637,-0.03024801298995343,-7.95541198337106,15.42400940756164,-0.2890568902586932,-6.504667821677166,13.188251933947333,0.026511460263677723,0.02684972738931085,-0.08704295107403795,-0.026542761090610215,0.026894023092565743,-0.0871081594055897,0.026564601648526066,-0.02689034518649978,0.08708219936079296,-0.02816951738013523,-0.012443389771780299,0.07047882022473806
0.029855293069982893,0.470119801425762,-1.0524136405204985,-0.02982808955435012,0.47015040851430917,-1.0524118158829727,0.030064365675527293,-0.4701939494016577,1.0523530854311127,-0.10693593987013908,-0.3459375411927656,1.0175095246316586,-0.08637549371869678,8.311985609883346,-16.40850038168216,-0.05584962716811801,8.322932435725065,-16.398637873426676,-0.0734379704658285,-8.255098555487832,16.434074775890238,-0.2750257916838577,-6.7287022603464655,14.004846400320455,0.02410441247017196,0.02375231626888498,-0.08061344277557927,-0.02277005892160856,0.02363542810054449,-0.0805690671406055,0.0239746135554764,-0.024355005902952358,0.08022695483877768,-0.0242855864108012,-0.011073655036918052,0.0636612346654582
0.029855293069982893,0.470119801425762,-1.0524136405204985,-0.02982808955435012,0.47015040851430917,-1.0524118158829727,0.030064365675527293,-0.4701939494016577,1.0523530854311127,-0.10693593987013908,-0.3459375411927656,1.0175095246316586,-0.08637549371869678,8.311985609883346,-16.40850038168216,-0.05584962716811801,8.322932435725065,-16.398637873426676,-0.0734379704658285,-8.255098555487832,16.434074775890238,-0.2750257916838577,-6.7287022603464655,14.004846400320455,0.02410441247017196,0.02375231626888498,-0.08061344277557927,-0.02277005892160856,0.02363542810054449,-0.0805690671406055,0.0239746135554764,-0.024355005902952358,0.08022695483877768,-0.0242855864108012,-0.011073655036918052,0.0636612346654582
0.029855293069982893,0.470119801425762,-1.0524136405204985,-0.02982808955435012,0.47015040851430917,-1.0524118158829727,0.030064365675527293,-0.4701939494016577,1.0523530854311127,-0.10693593987013908,-0.3459375411927656,1.0175095246316586,-0.08637549371869678,8.311985609883346,-16.40850038168216,-0.05584962716811801,8.322932435725065,-16.398637873426676,-0.0734379704658285,-8.255098555487832,16.434074775890238,-0.2750257916838577,-6.7287022603464655,14.004846400320455,0.02410441247017196,0.02375231626888498,-0.08061344277557927,-0.02277005892160856,0.02363542810054449,-0.0805690671406055,0.0239746135554764,-0.024355005902952358,0.08022695483877768,-0.0242855864108012,-0.011073655036918052,0.0636612346654582
0.029855293069982893,0.470119801425762,-1.0524136405204985,-0.02982808955435012,0.47015040851430917,-1.0524118158829727,0.030064365675527293,-0.4701939494016577,1.0523530854311127,-0.10693593987013908,-0.3459375411927656,1.0175095246316586,-0.08637549371869678,8.311985609883346,-16.40850038168216,-0.05584962716811801,8.322932435725065,-16.398637873426676,-0.0734379704658285,-8.255098555487832,16.434074775890238,-0.2750257916838577,-6.7287022603464655,14.004846400320455,0.02410441247017196,0.02375231626888498,-0.08061344277557927,-0.02277005892160856,0.02363542810054449,-0.0805690671406055,0.0239746135554764,-0.024355005902952358,0.08022695483877768,-0.0242855864108012,-0.011073655036918052,0.0636612346654582
0.029855293069982893,0.470119801425762,-1.0524136405204985,-0.02982808955435012,0.47015040851430917,-1.0524118158829727,0.030064365675527293,-0.4701939494016577,1.0523530854311127,-0.10693593987013908,-0.3459375411927656,1.0175095246316586,-0.08637549371869678,8.311985609883346,-16.40850038168216,-0.05584962716811801,8.322932435725065,-16.398637873426676,-0.0734379704658285,-8.255098555487832,16.434074775890238,-0.2750257916838577,-6.7287022603464655,14.004846400320455,0.02410441247017196,0.02375231626888498,-0.08061344277557927,-0.02277005892160856,0.02363542810054449,-0.0805690671406055,0.0239746135554764,-0.024355005902952358,0.08022695483877768,-0.0242855864108012,-0.011073655036918052,0.0636612346654582
0.02614104385647217,0.5023728924893894,-1.1140640349775566,-0.026143187794673665,0.5023297113499865,-1.113899227887861,0.02635824696188079,-0.5024208939912307,1.1139131754716283,-0.10401681925925353,-0.37292829700191743,1.069222868619108,-0.12775993352455814,8.553561178940877,-17.246576499318966,-0.003678683172702689,8.551398388631787,-17.204893265702903,-0.12097469427488015,-8.49983649108249,17.24740151370235,-0.2565418318505548,-6.907754354259082,14.65824765096158,0.02068299724742099,0.02011065263236936,-0.06963458153173964,-0.018791317409533954,0.01992411220417697,-0.06960170878697776,0.020531540988270838,-0.020925929784740133,0.0691472957707731,-0.019997366077185223,-0.009147252886099787,0.05359382833045052
0.02614104385647217,0.5023728924893894,-1.1140640349775566,-0.026143187794673665,0.5023297113499865,-1.113899227887861,0.02635824696188079,-0.5024208939912307,1.1139131754716283,-0.10401681925925353,-0.37292829700191743,1.069222868619108,-0.12775993352455814,8.553561178940877,-17.246576499318966,-0.003678683172702689,8.551398388631787,-17.204893265702903,-0.12097469427488015,-8.49983649108249,17.24740151370235,-0.2565418318505548,-6.907754354259082,14.65824765096158,0.02068299724742099,0.02011065263236936,-0.06963458153173964,-0.018791317409533954,0.01992411220417697,-0.06960170878697776,0.020531540988270838,-0.020925929784740133,0.0691472957707731,-0.019997366077185223,-0.009147252886099787,0.05359382833045052
0.02614104385647217,0.5023728924893894,-1.1140640349775566,-0.026143187794673665,0.5023297113499865,-1.113899227887861,0.02635824696188079,-0.5024208939912307,1.1139131754716283,-0.10401681925925353,-0.37292829700191743,1.069222868619108,-0.12775993352455814,8.553561178940877,-17.246576499318966,-0.003678683172702689,8.551398388631787,-17.204893265702903,-0.12097469427488015,-8.49983649108249,17.24740151370235,-0.2565418318505548,-6.907754354259082,14.65824765096158,0.02068299724742099,0.02011065263236936,-0.06963458153173964,-0.018791317409533954,0.01992411220417697,-0.06960170878697776,0.020531540988270838,-0.020925929784740133,0.0691472957707731,-0.019997366077185223,-0.009147252886099787,0.05359382833045052
0.02614104385647217,0.5023728924893894,-1.1140640349775566,-0.026143187794673665,0.5023297113499865,-1.113899227887861,0.02635824696188079,-0.5024208939912307,1.1139131754716283,-0.10401681925925353,-0.37292829700191743,1.069222868619108,-0.12775993352455814,8.553561178940877,-17.246576499318966,-0.003678683172702689,8.551398388631787,-17.204893265702903,-0.12097469427488015,-8.49983649108249,17.24740151370235,-0.2565418318505548,-6.907754354259082,14.65824765096158,0.02068299724742099,0.02011065263236936,-0.06963458153173964,-0.018791317409533954,0.01992411220417697,-0.06960170878697776,0.020531540988270838,-0.020925929784740133,0.0691472957707731,-0.019997366077185223,-0.009147252886099787,0.05359382833045052
0.02614104385647217,0.5023728924893894,-1.1140640349775566,-0.026143187794673665,0.5023297113499865,-1.113899227887861,0.02635824696188079,-0.5024208939912307,1.1139131754716283,-0.10401681925925353,-0.37292829700191743,1.069222868619108,-0.12775993352455814,8.553561178940877,-17.246576499318966,-0.003678683172702689,8.551398388631787,-17.204893265702903,-0.12097469427488015,-8.49983649108249,17.24740151370235,-0.2565418318505548,-6.907754354259082,14.65824765096158,0.02068299724742099,0.02011065263236936,-0.06963458153173964,-0.018791317409533954,0.01992411220417697,-0.06960170878697776,0.020531540988270838,-0.020925929784740133,0.0691472957707731,-0.019997366077185223,-0.009147252886099787,0.05359382833045052
0.022063741704250402,0.5348268355425756,-1.1752978094464586,-0.02210489482657617,0.534660569953556,-1.1748735122643448,0.022295648541459392,-0.5348338836564737,1.1749996118322743,-0.10085139289657208,-0.40011364643635794,1.12076524436281,-0.17212786810869232,8.72836540277756,-17.84185987815045,0.05312850723979602,8.71295103995022,-17.76992736589135,-0.1720179427690626,-8.678455574172943,17.818924404155293,-0.2355927077616581,-7.033280593159106,15.113535151998478,0.01706998358960499,0.01590178583123641,-0.0555407015782721,-0.014687097852618168,0.015651957297843903,-0.055551085509490214,0.01693384529771496,-0.016896637425803593,0.054997745243890374,-0.015538158932000602,-0.0068676976491222315,0.04130276662117627
0.022063741704250402,0.5348268355425756,-1.1752978094464586,-0.02210489482657617,0.534660569953556,-1.1748735122643448,0.022295648541459392,-0.5348338836564737,1.1749996118322743,-0.10085139289657208,-0.40011364643635794,1.12076524436281,-0.17212786810869232,8.72836540277756,-17.84185987815045,0.05312850723979602,8.71295103995022,-17.76992736589135,-0.1720179427690626,-8.678455574172943,17.818924404155293,-0.2355927077616581,-7.033280593159106,15.113535151998478,0.01706998358960499,0.01590178583123641,-0.0555407015782721,-0.014687097852618168,0.015651957297843903,-0.055551085509490214,0.01693384529771496,-0.016896637425803593,0.054997745243890374,-0.015538158932000602,-0.0068676976491222315,0.04130276662117627
0.022063741704250402,0.5348268355425756,-1.1752978094464586,-0.02210489482657617,0.534660569953556,-1.1748735122643448,0.022295648541459392,-0.5348338836564737,1.1749996118322743,-0.10085139289657208,-0.40011364643635794,1.12076524436281,-0.17212786810869232,8.72836540277756,-17.84185987815045,0.05312850723979602,8.71295103995022,-17.76992736589135,-0.1720179427690626,-8.678455574172943,17.818924404155293,-0.2355927077616581,-7.033280593159106,15.113535151998478,0.01706998358960499,0.01590178583123641,-0.0555407015782721,-0.014687097852618168,0.015651957297843903,-0.055551085509490214,0.01693384529771496,-0.016896637425803593,0.054997745243890374,-0.015538158932000602,-0.0068676976491222315,0.04130276662117627
0.022063741704250402,0.5348268355425756,-1.1752978094464586,-0.02210489482657617,0.534660569953556,-1.1748735122643448,0.022295648541459392,-0.5348338836564737,1.1749996118322743,-0.10085139289657208,-0.40011364643635794,1.12076524436281,-0.17212786810869232,8.72836540277756,-17.84185987815045,0.05312850723979602,8.71295103995022,-17.76992736589135,-0.1720179427690626,-8.678455574172943,17.818924404155293,-0.2355927077616581,-7.033280593159106,15.113535151998478,0.01706998358960499,0.01590178583123641,-0.0555407015782721,-0.014687097852618168,0.015651957297843903,-0.055551085509490214,0.01693384529771496,-0.016896637425803593,0.054997745243890374,-0.015538158932000602,-0.0068676976491222315,0.04130276662117627
0.022063741704250402,0.5348268355425756,-1.1752978094464586,-0.02210489482657617,0.534660569953556,-1.1748735122643448,0.022295648541459392,-0.5348338836564737,1.1749996118322743,-0.10085139289657208,-0.40011364643635794,1.12076524436281,-0.17212786810869232,8.72836540277756,-17.84185987815045,0.05312850723979602,8.71295103995022,-17.76992736589135,-0.1720179427690626,-8.678455574172943,17.818924404155293,-0.2355927077616581,-7.033280593159106,15.113535151998478,0.01706998358960499,0.01590178583123641,-0.0555407015782721,-0.014687097852618168,0.015651957297843903,-0.055551085509490214,0.01693384529771496,-0.016896637425803593,0.054997745243890374,-0.015538158932000602,-0.0068676976491222315,0.04130276662117627
0.017664722748774064,0.5670439156882264,-1.235214345248816,-0.017750798729824963,0.5667139687348275,-1.2344546856812793,0.01791757810613862,-0.567002489803042,1.2347269539600279,-0.09747416620727356,-0.4271356648274633,1.1714131246355337,-0.21768899354794508,8.833500553555519,-18.175310694336453,0.11245438249625833,8.80541477673431,-18.07666536876484,-0.2245355648957919,-8.788113666020717,18.13121656186764,-0.21358463674583494,-7.103057265978542,15.357327130411777,0.013315164791368538,0.01096719210991324,-0.0385364806922029,-0.010509101971238098,0.010667194442874513,-0.03862821925187119,0.013232226392781295,-0.012113267395139102,0.037987644656046246,-0.010949811968839852,-0.004099898132485767,0.026957623857027064
0.017664722748774064,0.5670439156882264,-1.235214345248816,-0.017750798729824963,0.5667139687348275,-1.2344546856812793,0.01791757810613862,-0.567002489803042,1.2347269539600279,-0.09747416620727356,-0.4271356648274633,1.1714131246355337,-0.21768899354794508,8.833500553555519,-18.175310694336453,0.11245438249625833,8.80541477673431,-18.07666536876484,-0.2245355648957919,-8.788113666020717,18.13121656186764,-0.21358463674583494,-7.103057265978542,15.357327130411777,0.013315164791368538,0.01096719210991324,-0.0385364806922029,-0.010509101971238098,0.010667194442874513,-0.03862821925187119,0.013232226392781295,-0.012113267395139102,0.037987644656046246,-0.010949811968839852,-0.004099898132485767,0.026957623857027064
0.017664722748774064,0.5670439156882264,-1.235214345248816,-0.017750798729824963,0.5667139687348275,-1.2344546856812793,0.01791757810613862,-0.567002489803042,1.2347269539600279,-0.09747416620727356,-0.4271356648274633,1.1714131246355337,-0.21768899354794508,8.833500553555519,-18.175310694336453,0.11245438249625833,8.80541477673431,-18.07666536876484,-0.2245355648957919,-8.788113666020717,18.13121656186764,-0.21358463674583494,-7.103057265978542,15.357327130411777,0.013315164791368538,0.01096719210991324,-0.0385364806922029,-0.010509101971238098,0.010667194442874513,-0.03862821925187119,0.013232226392781295,-0.012113267395139102,0.037987644656046246,-0.010949811968839852,-0.004099898132485767,0.026957623857027064
0.017664722748774064,0.5670439156882264,-1.235214345248816,-0.017750798729824963,0.5667139687348275,-1.2344546856812793,0.01791757810613862,-0.567002489803042,1.2347269539600279,-0.09747416620727356,-0.4271356648274633,1.1714131246355337,-0.21768899354794508,8.833500553555519,-18.175310694336453,0.11245438249625833,8.80541477673431,-18.07666536876484,-0.2245355648957919,-8.788113666020717,18.13121656186764,-0.21358463674583494,-7.103057265978542,15.357327130411777,0.013315164791368538,0.01096719210991324,-0.0385364806922029,-0.010509101971238098,0.010667194442874513,-0.03862821925187119,0.013232226392781295,-0.012113267395139102,0.037987644656046246,-0.010949811968839852,-0.004099898132485767,0.026957623857027064
0.017664722748774064,0.5670439156882264,-1.235214345248816,-0.017750798729824963,0.5667139687348275,-1.2344546856812793,0.01791757810613862,-0.567002489803042,1.2347269539600279,-0.09747416620727356,-0.4271356648274633,1.1714131246355337,-0.21768899354794508,8.833500553555519,-18.175310694336453,0.11245438249625833,8.80541477673431,-18.07666536876484,-0.2245355648957919,-8.788113666020717,18.13121656186764,-0.21358463674583494,-7.103057265978542,15.357327130411777,0.013315164791368538,0.01096719210991324,-0.0385364806922029,-0.010509101971238098,0.010667194442874513,-0.03862821925187119,0.013232226392781295,-0.012113267395139102,0.037987644656046246,-0.010949811968839852,-0.004099898132485767,0.026957623857027064
0.012993846161852165,0.5986267895078176,-1.2930281005569846,-0.013130002548197505,0.5981030624726775,-1.2918809351156029,0.01327326400997331,-0.598537093756878,1.2923262721878688,-0.09392740250051933,-0.4536610320285117,1.2205123526794002,-0.262230870230088,8.869078008861443,-18.237183403161804,0.17196520453925543,8.82955645795189,-18.117052733694887,-0.27607426256608153,-8.828904728878923,18.175798518389467,-0.19196131993406992,-7.116858631484933,15.382446745118722,0.009467586338719938,0.005191258901313022,-0.01899399803449078,-0.006310957351832479,0.004859963435401896,-0.019207283456811962,0.00947523212524728,-0.0064654189186235085,0.018489606377786124,-0.006276045796998075,-0.0007362310033042852,0.010834720565849826
0.012993846161852165,0.5986267895078176,-1.2930281005569846,-0.013130002548197505,0.5981030624726775,-1.2918809351156029,0.01327326400997331,-0.598537093756878,1.2923262721878688,-0.09392740250051933,-0.4536610320285117,1.2205123526794002,-0.262230870230088,8.869078008861443,-18.237183403161804,0.17196520453925543,8.82955645795189,-18.117052733694887,-0.27607426256608153,-8.828904728878923,18.175798518389467,-0.19196131993406992,-7.116858631484933,15.382446745118722,0.009467586338719938,0.005191258901313022,-0.01899399803449078,-0.006310957351832479,0.004859963435401896,-0.019207283456811962,0.00947523212524728,-0.0064654189186235085,0.018489606377786124,-0.006276045796998075,-0.0007362310033042852,0.010834720565849826
0.012993846161852165,0.5986267895078176,-1.2930281005569846,-0.013130002548197505,0.5981030624726775,-1.2918809351156029,0.01327326400997331,-0.598537093756878,1.2923262721878688,-0.09392740250051933,-0.4536610320285117,1.2205123526794002,-0.262230870230088,8.869078008861443,-18.237183403161804,0.17196520453925543,8.82955645795189,-18.117052733694887,-0.27607426256608153,-8.828904728878923,18.175798518389467,-0.19196131993406992,-7.116858631484933,15.382446745118722,0.009467586338719938,0.005191258901313022,-0.01899399803449078,-0.006310957351832479,0.004859963435401896,-0.019207283456811962,0.00947523212524728,-0.0064654189186235085,0.018489606377786124,-0.006276045796998075,-0.0007362310033042852,0.010834720565849826
0.012993846161852165,0.5986267895078176,-1.2930281005569846,-0.013130002548197505,0.5981030624726775,-1.2918809351156029,0.01327326400997331,-0.598537093756878,1.2923262721878688,-0.09392740250051933,-0.4536610320285117,1.2205123526794002,-0.262230870230088,8.869078008861443,-18.237183403161804,0.17196520453925543,8.82955645795189,-18.117052733694887,-0.27607426256608153,-8.828904728878923,18.175798518389467,-0.19196131993406992,-7.116858631484933,15.382446745118722,0.009467586338719938,0.005191258901313022,-0.01899399803449078,-0.006310957351832479,0.004859963435401896,-0.019207283456811962,0.00947523212524728,-0.0064654189186235085,0.018489606377786124,-0.006276045796998075,-0.0007362310033042852,0.010834720565849826
0.012993846161852165,0.5986267895078176,-1.2930281005569846,-0.013130002548197505,0.5981030624726775,-1.2918809351156029,0.01327326400997331,-0.598537093756878,1.2923262721878688,-0.09392740250051933,-0.4536610320285117,1.2205123526794002,-0.262230870230088,8.869078008861443,-18.237183403161804,0.17196520453925543,8.82955645795189,-18.117052733694887,-0.27607426256608153,-8.828904728878923,18.175798518389467,-0.19196131993406992,-7.116858631484933,15.382446745118722,0.009467586338719938,0.005191258901313022,-0.01899399803449078,-0.006310957351832479,0.004859963435401896,-0.019207283456811962,0.00947523212524728,-0.0064654189186235085,0.018489606377786124,-0.006276045796998075,-0.0007362310033042852,0.010834720565849826
0.008113538747127124,0.6292300794021407,-1.348095955882145,-0.008302895749561705,0.6284934504015158,-1.346532753861754,0.008424073293258227,-0.6291000751270481,1.3471698608260978,-0.09026208677717311,-0.4793902432151998,1.2675021854160518,-0.30315835436820093,8.83780819152279,-18.02621759501798,0.22920005237872398,8.788618788209002,-17.891113719499295,-0.32381418638949166,-8.803446266924118,17.95222030752153,-0.17212071827649247,-7.076267377950702,15.187559962472974,0.005578180311991402,-0.001497892608029431,0.0025558779376395756,-0.0021474018890463324,-0.0018377322872137757,0.002184639573757214,0.005711828963857816,0.00011312381472457446,-0.0029698875036950055,-0.0015636959229855965,0.003301657406846104,-0.006683201054564913
0.008113538747127124,0.6292300794021407,-1.348095955882145,-0.008302895749561705,0.6284934504015158,-1.346532753861754,0.008424073293258227,-0.6291000751270481,1.3471698608260978,-0.09026208677717311,-0.4793902432151998,1.2675021854160518,-0.30315835436820093,8.83780819152279,-18.02621759501798,0.22920005237872398,8.788618788209002,-17.891113719499295,-0.32381418638949166,-8.803446266924118,17.95222030752153,-0.17212071827649247,-7.076267377950702,15.187559962472974,0.005578180311991402,-0.001497892608029431,0.0025558779376395756,-0.0021474018890463324,-0.0018377322872137757,0.002184639573757214,0.005711828963857816,0.00011312381472457446,-0.0029698875036950055,-0.0015636959229855965,0.003301657406846104,-0.006683201054564913
0.008113538747127124,0.6292300794021407,-1.348095955882145,-0.008302895749561705,0.6284934504015158,-1.346532753861754,0.008424073293258227,-0.6291000751270481,1.3471698608260978,-0.09026208677717311,-0.4793902432151998,1.2675021854160518,-0.30315835436820093,8.83780819152279,-18.02621759501798,0.22920005237872398,8.788618788209002,-17.891113719499295,-0.32381418638949166,-8.803446266924118,17.95222030752153,-0.17212071827649247,-7.076267377950702,15.187559962472974,0.005578180311991402,-0.001497892608029431,0.0025558779376395756,-0.0021474018890463324,-0.0018377322872137757,0.002184639573757214,0.005711828963857816,0.00011312381472457446,-0.0029698875036950055,-0.0015636959229855965,0.003301657406846104,-0.006683201054564913
0.008113538747127124,0.6292300794021407,-1.348095955882145,-0.008302895749561705,0.6284934504015158,-1.346532753861754,0.008424073293258227,-0.6291000751270481,1.3471698608260978,-0.09026208677717311,-0.4793902432151998,1.2675021854160518,-0.30315835436820093,8.83780819152279,-18.02621759501798,0.22920005237872398,8.788618788209002,-17.891113719499295,-0.32381418638949166,-8.803446266924118,17.95222030752153,-0.17212071827649247,-7.076267377950702,15.187559962472974,0.005578180311991402,-0.001497892608029431,0.0025558779376395756,-0.0021474018890463324,-0.0018377322872137757,0.002184639573757214,0.005711828963857816,0.00011312381472457446,-0.0029698875036950055,-0.0015636959229855965,0.003301657406846104,-0.006683201054564913
0.008113538747127124,0.6292300794021407,-1.348095955882145,-0.008302895749561705,0.6284934504015158,-1.346532753861754,0.008424073293258227,-0.6291000751270481,1.3471698608260978,-0.09026208677717311,-0.4793902432151998,1.2675021854160518,-0.30315835436820093,8.83780819152279,-18.02621759501798,0.22920005237872398,8.788618788209002,-17.891113719499295,-0.32381418638949166,-8.803446266924118,17.95222030752153,-0.17212071827649247,-7.076267377950702,15.187559962472974,0.005578180311991402,-0.001497892608029431,0.0025558779376395756,-0.0021474018890463324,-0.0018377322872137757,0.002184639573757214,0.005711828963857816,0.00011312381472457446,-0.0029698875036950055,-0.0015636959229855965,0.003301657406846104,-0.006683201054564913
0.0030967203077127063,0.6585613649398139,-1.3999134331041514,-0.0033390745776408536,0.6576034438890316,-1.3979275869688244,0.003441550820835147,-0.6584060771962138,1.3987661867124463,-0.08653568203589418,-0.50406060925463,1.311917069472955,-0.3375464593576741,8.744339194550502,-17.54831212314037,0.28164241101575516,8.687635406776902,-17.405578764595028,-0.3646301822340126,-8.716234093451886,17.46671952135561,-0.15534157595240547,-6.98433574862253,14.776555713108388,0.001696056807951141,-0.009136022829843661,0.025459630580376286,0.0019282014722675088,-0.009459761721681144,0.02490336188064852,0.0019879256881072476,0.007652521650083511,-0.02574587902982392,0.0031391656982480455,0.008066208926376918,-0.025128467808380513
0.0030967203077127063,0.6585613649398139,-1.3999134331041514,-0.0033390745776408536,0.6576034438890316,-1.3979275869688244,0.003441550820835147,-0.6584060771962138,1.3987661867124463,-0.08653568203589418,-0.50406060925463,1.311917069472955,-0.3375464593576741,8.744339194550502,-17.54831212314037,0.28164241101575516,8.687635406776902,-17.405578764595028,-0.3646301822340126,-8.716234093451886,17.46671952135561,-0.15534157595240547,-6.98433574862253,14.776555713108388,0.001696056807951141,-0.009136022829843661,0.025459630580376286,0.0019282014722675088,-0.009459761721681144,0.02490336188064852,0.0019879256881072476,0.007652521650083511,-0.02574587902982392,0.0031391656982480455,0.008066208926376918,-0.025128467808380513
0.0030967203077127063,0.6585613649398139,-1.3999134331041514,-0.0033390745776408536,0.6576034438890316,-1.3979275869688244,0.003441550820835147,-0.6584060771962138,1.3987661867124463,-0.08653568203589418,-0.50406060925463,1.311917069472955,-0.3375464593576741,8.744339194550502,-17.54831212314037,0.28164241101575516,8.687635406776902,-17.405578764595028,-0.3646301822340126,-8.716234093451886,17.46671952135561,-0.15534157595240547,-6.98433574862253,14.776555713108388,0.001696056807951141,-0.009136022829843661,0.025459630580376286,0.0019282014722675088,-0.009459761721681144,0.02490336188064852,0.0019879256881072476,0.007652521650083511,-0.02574587902982392,0.0031391656982480455,0.008066208926376918,-0.025128467808380513
0.0030967203077127063,0.6585613649398139,-1.3999134331041514,-0.0033390745776408536,0.6576034438890316,-1.3979275869688244,0.003441550820835147,-0.6584060771962138,1.3987661867124463,-0.08653568203589418,-0.50406060925463,1.311917069472955,-0.3375464593576741,8.744339194550502,-17.54831212314037,0.28164241101575516,8.687635406776902,-17.405578764595028,-0.3646301822340126,-8.716234093451886,17.46671952135561,-0.15534157595240547,-6.98433574862253,14.776555713108388,0.001696056807951141,-0.009136022829843661,0.025459630580376286,0.0019282014722675088,-0.009459761721681144,0.02490336188064852,0.0019879256881072476,0.007652521650083511,-0.02574587902982392,0.0031391656982480455,0.008066208926376918,-0.025128467808380513
0.0030967203077127063,0.6585613649398139,-1.3999134331041514,-0.0033390745776408536,0.6576034438890316,-1.3979275869688244,0.003441550820835147,-0.6584060771962138,1.3987661867124463,-0.08653568203589418,-0.50406060925463,1.311917069472955,-0.3375464593576741,8.744339194550502,-17.54831212314037,0.28164241101575516,8.687635406776902,-17.405578764595028,-0.3646301822340126,-8.716234093451886,17.46671952135561,-0.15534157595240547,-6.98433574862253,14.776555713108388,0.001696056807951141,-0.009136022829843661,0.025459630580376286,0.0019282014722675088,-0.009459761721681144,0.02490336188064852,0.0019879256881072476,0.007652521650083511,-0.02574587902982392,0.0031391656982480455,0.008066208926376918,-0.025128467808380513
-0.001974457836120702,0.6863772966007189,-1.4481010729990265,0.0016838754853781485,0.685199817701442,-1.4457054865289671,-0.0015937005134639627,-0.6862176865741243,1.4467457238146633,-0.08281072823144206,-0.5274461162390461,1.3533829256421486,-0.36221534266920147,8.594431817119029,-16.814919842248553,0.32676659447252804,8.532617165549961,-16.672314723554216,-0.3951684369663884,-8.572845391385547,16.73067847698234,-0.14272849730349602,-6.845116577684512,14.157690785219723,-0.0021339943204127325,-0.017731937787289084,0.048980626402412755,0.005865215005654752,-0.018014813023524617,0.04822602688566629,-0.0016558551508954315,0.016156370846709997,-0.04911321582395611,0.007783956963355593,0.013588587516989164,-0.043972039961665765
-0.001974457836120702,0.6863772966007189,-1.4481010729990265,0.0016838754853781485,0.685199817701442,-1.4457054865289671,-0.0015937005134639627,-0.6862176865741243,1.4467457238146633,-0.08281072823144206,-0.5274461162390461,1.3533829256421486,-0.36221534266920147,8.594431817119029,-16.814919842248553,0.32676659447252804,8.532617165549961,-16.672314723554216,-0.3951684369663884,-8.572845391385547,16.73067847698234,-0.14272849730349602,-6.845116577684512,14.157690785219723,-0.0021339943204127325,-0.017731937787289084,0.048980626402412755,0.005865215005654752,-0.018014813023524617,0.04822602688566629,-0.0016558551508954315,0.016156370846709997,-0.04911321582395611,0.007783956963355593,0.013588587516989164,-0.043972039961665765
-0.001974457836120702,0.6863772966007189,-1.4481010729990265,0.0016838754853781485,0.685199817701442,-1.4457054865289671,-0.0015937005134639627,-0.6862176865741243,1.4467457238146633,-0.08281072823144206,-0.5274461162390461,1.3533829256421486,-0.36221534266920147,8.594431817119029,-16.814919842248553,0.32676659447252804,8.532617165549961,-16.672314723554216,-0.3951684369663884,-8.572845391385547,16.73067847698234,-0.14272849730349602,-6.845116577684512,14.157690785219723,-0.0021339943204127325,-0.017731937787289084,0.048980626402412755,0.005865215005654752,-0.018014813023524617,0.04822602688566629,-0.0016558551508954315,0.016156370846709997,-0.04911321582395611,0.007783956963355593,0.013588587516989164,-0.043972039961665765
-0.001974457836120702,0.6863772966007189,-1.4481010729990265,0.0016838754853781485,0.685199817701442,-1.4457054865289671,-0.0015937005134639627,-0.6862176865741243,1.4467457238146633,-0.08281072823144206,-0.5274461162390461,1.3533829256421486,-0.36221534266920147,8.594431817119029,-16.814919842248553,0.32676659447252804,8.532617165549961,-16.672314723554216,-0.3951684369663884,-8.572845391385547,16.73067847698234,-0.14272849730349602,-6.845116577684512,14.157690785219723,-0.0021339943204127325,-0.017731937787289084,0.048980626402412755,0.005865215005654752,-0.018014813023524617,0.04822602688566629,-0.0016558551508954315,0.016156370846709997,-0.04911321582395611,0.007783956963355593,0.013588587516989164,-0.043972039961665765
-0.001974457836120702,0.6863772966007189,-1.4481010729990265,0.0016838754853781485,0.685199817701442,-1.4457054865289671,-0.0015937005134639627,-0.6862176865741243,1.4467457238146633,-0.08281072823144206,-0.5274461162390461,1.3533829256421486,-0.36221534266920147,8.594431817119029,-16.814919842248553,0.32676659447252804,8.532617165549961,-16.672314723554216,-0.3951684369663884,-8.572845391385547,16.73067847698234,-0.14272849730349602,-6.845116577684512,14.157690785219723,-0.0021339943204127325,-0.017731937787289084,0.048980626402412755,0.005865215005654752,-0.018014813023524617,0.04822602688566629,-0.0016558551508954315,0.016156370846709997,-0.04911321582395611,0.007783956963355593,0.013588587516989164,-0.043972039961665765
-0.007009208936791416,0.7124771414053236,-1.4923868729407432,0.0066808773858988936,0.7110913153383702,-1.4896115291305525,-0.0065924690701127855,-0.7123388202532299,1.490843417542257,-0.07915423103309728,-0.549355309701334,1.3916109025934302,-0.3738371156087607,8.394118807008903,-15.841590594055415,0.36206871141580166,8.329745398804697,-15.706945370426183,-0.4119495947789172,-8.379128216954571,15.759270348855141,-0.1351748025921839,-6.663148427973155,13.342735220480293,-0.00587280770998357,-0.027275647706212762,0.0723363549330731,0.009616163682667194,-0.02749414082792395,0.07138684743246607,-0.005185222797924107,0.025610027360909046,-0.07230239079811678,0.01232129625634363,0.019883130514408827,-0.06264596806279792
-0.007009208936791416,0.7124771414053236,-1.4923868729407432,0.0066808773858988936,0.7110913153383702,-1.4896115291305525,-0.0065924690701127855,-0.7123388202532299,1.490843417542257,-0.07915423103309728,-0.549355309701334,1.3916109025934302,-0.3738371156087607,8.394118807008903,-15.841590594055415,0.36206871141580166,8.329745398804697,-15.706945370426183,-0.4119495947789172,-8.379128216954571,15.759270348855141,-0.1351748025921839,-6.663148427973155,13.342735220480293,-0.00587280770998357,-0.027275647706212762,0.0723363549330731,0.009616163682667194,-0.02749414082792395,0.07138684743246607,-0.005185222797924107,0.025610027360909046,-0.07230239079811678,0.01232129625634363,0.019883130514408827,-0.06264596806279792
-0.007009208936791416,0.7124771414053236,-1.4923868729407432,0.0066808773858988936,0.7110913153383702,-1.4896115291305525,-0.0065924690701127855,-0.7123388202532299,1.490843417542257,-0.07915423103309728,-0.549355309701334,1.3916109025934302,-0.3738371156087607,8.394118807008903,-15.841590594055415,0.36206871141580166,8.329745398804697,-15.706945370426183,-0.4119495947789172,-8.379128216954571,15.759270348855141,-0.1351748025921839,-6.663148427973155,13.342735220480293,-0.00587280770998357,-0.027275647706212762,0.0723363549330731,0.009616163682667194,-0.02749414082792395,0.07138684743246607,-0.005185222797924107,0.025610027360909046,-0.07230239079811678,0.01232129625634363,0.019883130514408827,-0.06264596806279792
-0.007009208936791416,0.7124771414053236,-1.4923868729407432,0.0066808773858988936,0.7110913153383702,-1.4896115291305525,-0.0065924690701127855,-0.7123388202532299,1.490843417542257,-0.07915423103309728,-0.549355309701334,1.3916109025934302,-0.3738371156087607,8.394118807008903,-15.841590594055415,0.36206871141580166,8.329745398804697,-15.706945370426183,-0.4119495947789172,-8.379128216954571,15.759270348855141,-0.1351748025921839,-6.663148427973155,13.342735220480293,-0.00587280770998357,-0.027275647706212762,0.0723363549330731,0.009616163682667194,-0.02749414082792395,0.07138684743246607,-0.005185222797924107,0.025610027360909046,-0.07230239079811678,0.01232129625634363,0.019883130514408827,-0.06264596806279792
-0.007009208936791416,0.7124771414053236,-1.4923868729407432,0.0066808773858988936,0.7110913153383702,-1.4896115291305525,-0.0065924690701127855,-0.7123388202532299,1.490843417542257,-0.07915423103309728,-0.549355309701334,1.3916109025934302,-0.3738371156087607,8.394118807008903,-15.841590594055415,0.36206871141580166,8.329745398804697,-15.706945370426183,-0.4119495947789172,-8.379128216954571,15.759270348855141,-0.1351748025921839,-6.663148427973155,13.342735220480293,-0.00587280770998357,-0.027275647706212762,0.0723363549330731,0.009616163682667194,-0.02749414082792395,0.07138684743246607,-0.005185222797924107,0.025610027360909046,-0.07230239079811678,0.01232129625634363,0.019883130514408827,-0.06264596806279792
-0.011911316052551694,0.7366915138644726,-1.5325751300812038,0.011562491014148623,0.7351175484404915,-1.5294650588662524,-0.011460005732775494,-0.7366034984062362,1.5308679054479846,-0.07563336962038505,-0.5696257853743246,1.426377006208216,-0.36908748889040904,8.148959919678513,-14.64692432202509,0.3850979749033861,8.084669726943746,-14.527884966955716,-0.41151305715658365,-8.140481571155032,14.570521764395322,-0.13333951802600166,-6.442967730633275,12.346285808643199,-0.009490272848388845,-0.037748365132210665,0.09474559600975113,0.013139861244838113,-0.037881120139907166,0.09362268000588794,-0.008575436695246984,0.03599066721052168,-0.09454542246039581,0.016704568017441017,0.026953262992524943,-0.08057796152648349
-0.011911316052551694,0.7366915138644726,-1.5325751300812038,0.011562491014148623,0.7351175484404915,-1.5294650588662524,-0.011460005732775494,-0.7366034984062362,1.5308679054479846,-0.07563336962038505,-0.5696257853743246,1.426377006208216,-0.36908748889040904,8.148959919678513,-14.64692432202509,0.3850979749033861,8.084669726943746,-14.527884966955716,-0.41151305715658365,-8.140481571155032,14.570521764395322,-0.13333951802600166,-6.442967730633275,12.346285808643199,-0.009490272848388845,-0.037748365132210665,0.09474559600975113,0.013139861244838113,-0.037881120139907166,0.09362268000588794,-0.008575436695246984,0.03599066721052168,-0.09454542246039581,0.016704568017441017,0.026953262992524943,-0.08057796152648349
-0.011911316052551694,0.7366915138644726,-1.5325751300812038,0.011562491014148623,0.7351175484404915,-1.5294650588662524,-0.011460005732775494,-0.7366034984062362,1.5308679054479846,-0.07563336962038505,-0.5696257853743246,1.426377006208216,-0.36908748889040904,8.148959919678513,-14.64692432202509,0.3850979749033861,8.084669726943746,-14.527884966955716,-0.41151305715658365,-8.140481571155032,14.570521764395322,-0.13333951802600166,-6.442967730633275,12.346285808643199,-0.009490272848388845,-0.037748365132210665,0.09474559600975113,0.013139861244838113,-0.037881120139907166,0.09362268000588794,-0.008575436695246984,0.03599066721052168,-0.09454542246039581,0.016704568017441017,0.026953262992524943,-0.08057796152648349
-0.011911316052551694,0.7366915138644726,-1.5325751300812038,0.011562491014148623,0.7351175484404915,-1.5294650588662524,-0.011460005732775494,-0.7366034984062362,1.5308679054479846,-0.07563336962038505,-0.5696257853743246,1.426377006208216,-0.36908748889040904,8.148959919678513,-14.64692432202509,0.3850979749033861,8.084669726943746,-14.527884966955716,-0.41151305715658365,-8.140481571155032,14.570521764395322,-0.13333951802600166,-6.442967730633275,12.346285808643199,-0.009490272848388845,-0.037748365132210665,0.09474559600975113,0.013139861244838113,-0.037881120139907166,0.09362268000588794,-0.008575436695246984,0.03599066721052168,-0.09454542246039581,0.016704568017441017,0.026953262992524943,-0.08057796152648349
-0.011911316052551694,0.7366915138644726,-1.5325751300812038,0.011562491014148623,0.7351175484404915,-1.5294650588662524,-0.011460005732775494,-0.7366034984062362,1.5308679054479846,-0.07563336962038505,-0.5696257853743246,1.426377006208216,-0.36908748889040904,8.148959919678513,-14.64692432202509,0.3850979749033861,8.084669726943746,-14.527884966955716,-0.41151305715658365,-8.140481571155032,14.570521764395322,-0.13333951802600166,-6.442967730633275,12.346285808643199,-0.009490272848388845,-0.037748365132210665,0.09474559600975113,0.013139861244838113,-0.037881120139907166,0.09362268000588794,-0.008575436695246984,0.03599066721052168,-0.09454542246039581,0.016704568017441017,0.026953262992524943,-0.08057796152648349
-0.016578960862100724,0.7588762172326518,-1.5685341022092731,0.016234506702342683,0.7571430934737197,-1.565147853751287,-0.016095723370164933,-0.7588698437147733,1.5666896858154065,-0.07231639319317876,-0.588121073902696,1.4575180272808712,-0.34484620938058114,7.863426225834824,-13.251848799489663,0.3935008366043117,7.8019320530945615,-13.155674148692157,-0.39060790312964555,-7.861255370689998,13.184684434940092,-0.13763482201042346,-6.188664763788263,11.185159565826678,-0.01296423586322391,-0.04912424961909162,0.1154521170167091,0.016400537448074057,-0.04915263109474502,0.11419527577776893,-0.011810043907808902,0.04726903861124344,-0.11509854587777403,0.020887852804806317,0.03479284864207308,-0.09720571470027109
-0.016578960862100724,0.7588762172326518,-1.5685341022092731,0.016234506702342683,0.7571430934737197,-1.565147853751287,-0.016095723370164933,-0.7588698437147733,1.5666896858154065,-0.07231639319317876,-0.588121073902696,1.4575180272808712,-0.34484620938058114,7.863426225834824,-13.251848799489663,0.3935008366043117,7.8019320530945615,-13.155674148692157,-0.39060790312964555,-7.861255370689998,13.184684434940092,-0.13763482201042346,-6.188664763788263,11.185159565826678,-0.01296423586322391,-0.04912424961909162,0.1154521170167091,0.016400537448074057,-0.04915263109474502,0.11419527577776893,-0.011810043907808902,0.04726903861124344,-0.11509854587777403,0.020887852804806317,0.03479284864207308,-0.09720571470027109
-0.016578960862100724,0.7588762172326518,-1.5685341022092731,0.016234506702342683,0.7571430934737197,-1.565147853751287,-0.016095723370164933,-0.7588698437147733,1.5666896858154065,-0.07231639319317876,-0.588121073902696,1.4575180272808712,-0.34484620938058114,7.863426225834824,-13.251848799489663,0.3935008366043117,7.8019320530945615,-13.155674148692157,-0.39060790312964555,-7.861255370689998,13.184684434940092,-0.13763482201042346,-6.188664763788263,11.185159565826678,-0.01296423586322391,-0.04912424961909162,0.1154521170167091,0.016400537448074057,-0.04915263109474502,0.11419527577776893,-0.011810043907808902,0.04726903861124344,-0.11509854587777403,0.020887852804806317,0.03479284864207308,-0.09720571470027109
-0.016578960862100724,0.7588762172326518,-1.5685341022092731,0.016234506702342683,0.7571430934737197,-1.565147853751287,-0.016095723370164933,-0.7588698437147733,1.5666896858154065,-0.07231639319317876,-0.588121073902696,1.4575180272808712,-0.34484620938058114,7.863426225834824,-13.251848799489663,0.3935008366043117,7.8019320530945615,-13.155674148692157,-0.39060790312964555,-7.861255370689998,13.184684434940092,-0.13763482201042346,-6.188664763788263,11.185159565826678,-0.01296423586322391,-0.04912424961909162,0.1154521170167091,0.016400537448074057,-0.04915263109474502,0.11419527577776893,-0.011810043907808902,0.04726903861124344,-0.11509854587777403,0.020887852804806317,0.03479284864207308,-0.09720571470027109
-0.016578960862100724,0.7588762172326518,-1.5685341022092731,0.016234506702342683,0.7571430934737197,-1.565147853751287,-0.016095723370164933,-0.7588698437147733,1.5666896858154065,-0.07231639319317876,-0.588121073902696,1.4575180272808712,-0.34484620938058114,7.863426225834824,-13.251848799489663,0.3935008366043117,7.8019320530945615,-13.155674148692157,-0.39060790312964555,-7.861255370689998,13.184684434940092,-0.13763482201042346,-6.188664763788263,11.185159565826678,-0.01296423586322391,-0.04912424961909162,0.1154521170167091,0.016400537448074057,-0.04915263109474502,0.11419527577776893,-0.011810043907808902,0.04726903861124344,-0.11509854587777403,0.020887852804806317,0.03479284864207308,-0.09720571470027109
-0.020907248864276726,0.7789049119255932,-1.600178871075012,0.020600109707378474,0.7770503754162777,-1.596587372568846,-0.020395611042015996,-0.7790129617235964,1.5982244828274654,-0.06927056477417834,-0.6047264311931484,1.4849201748569458,-0.2984602068759135,7.54051138671861,-11.6793831894118,0.3850980267311585,7.484604739353428,-11.61276688527206,-0.3464463211698078,-7.544367605098986,11.624067845409119,-0.14822005777819083,-5.903570557579168,9.878079756589509,-0.01628112167705154,-0.06137167193276848,0.1337524694433868,0.019369384645553586,-0.06128012694214414,0.13241786703698902,-0.014881400180543881,0.05941070206546145,-0.13326931900732142,0.024827005485533425,0.04338731462715634,-0.11199766962111161
-0.020907248864276726,0.7789049119255932,-1.600178871075012,0.020600109707378474,0.7770503754162777,-1.596587372568846,-0.020395611042015996,-0.7790129617235964,1.5982244828274654,-0.06927056477417834,-0.6047264311931484,1.4849201748569458,-0.2984602068759135,7.54051138671861,-11.6793831894118,0.3850980267311585,7.484604739353428,-11.61276688527206,-0.3464463211698078,-7.544367605098986,11.624067845409119,-0.14822005777819083,-5.903570557579168,9.878079756589509,-0.01628112167705154,-0.06137167193276848,0.1337524694433868,0.019369384645553586,-0.06128012694214414,0.13241786703698902,-0.014881400180543881,0.05941070206546145,-0.13326931900732142,0.024827005485533425,0.04338731462715634,-0.11199766962111161
-0.020907248864276726,0.7789049119255932,-1.600178871075012,0.020600109707378474,0.7770503754162777,-1.596587372568846,-0.020395611042015996,-0.7790129617235964,1.5982244828274654,-0.06927056477417834,-0.6047264311931484,1.4849201748569458,-0.2984602068759135,7.54051138671861,-11.6793831894118,0.3850980267311585,7.484604739353428,-11.61276688527206,-0.3464463211698078,-7.544367605098986,11.624067845409119,-0.14822005777819083,-5.903570557579168,9.878079756589509,-0.01628112167705154,-0.06137167193276848,0.1337524694433868,0.019369384645553586,-0.06128012694214414,0.13241786703698902,-0.014881400180543881,0.05941070206546145,-0.13326931900732142,0.024827005485533425,0.04338731462715634,-0.11199766962111161
-0.020907248864276726,0.7789049119255932,-1.600178871075012,0.020600109707378474,0.7770503754162777,-1.596587372568846,-0.020395611042015996,-0.7790129617235964,1.5982244828274654,-0.06927056477417834,-0.6047264311931484,1.4849201748569458,-0.2984602068759135,7.54051138671861,-11.6793831894118,0.3850980267311585,7.484604739353428,-11.61276688527206,-0.3464463211698078,-7.544367605098986,11.624067845409119,-0.14822005777819083,-5.903570557579168,9.878079756589509,-0.01628112167705154,-0.06137167193276848,0.1337524694433868,0.019369384645553586,-0.06128012694214414,0.13241786703698902,-0.014881400180543881,0.05941070206546145,-0.13326931900732142,0.024827005485533425,0.04338731462715634,-0.11199766962111161
-0.020907248864276726,0.7789049119255932,-1.600178871075012,0.020600109707378474,0.7770503754162777,-1.596587372568846,-0.020395611042015996,-0.7790129617235964,1.5982244828274654,-0.06927056477417834,-0.6047264311931484,1.4849201748569458,-0.2984602068759135,7.54051138671861,-11.6793831894118,0.3850980267311585,7.484604739353428,-11.61276688527206,-0.3464463211698078,-7.544367605098986,11.624067845409119,-0.14822005777819083,-5.903570557579168,9.878079756589509,-0.01628112167705154,-0.06137167193276848,0.1337524694433868,0.019369384645553586,-0.06128012694214414,0.13241786703698902,-0.014881400180543881,0.05941070206546145,-0.13326931900732142,0.024827005485533425,0.04338731462715634,-0.11199766962111161
-0.024793322732780954,0.796660761776267,-1.6274496204380495,0.024564397698473576,0.7947313972360558,-1.623735156457054,-0.024257253308563688,-0.7969167823056804,1.6254119559778109,-0.06655743412371333,-0.6193435819951212,1.5085006742857179,-0.22806295787573974,7.181568505821511,-9.954639280750238,0.3580053480553996,7.134135598343048,-9.923523040394585,-0.27701523147470625,-7.191138762883713,9.913085357300224,-0.16499932917566057,-5.590071356393387,8.445490617024076,-0.019437908283526786,-0.0744548464025704,0.14902872138613427,0.0220280932916442,-0.07423124863388385,0.1476869302414007,-0.017792596025063324,0.07237764571771746,-0.148448941772632,0.028483594577322233,0.052715070737908674,-0.12448051350157203
-0.024793322732780954,0.796660761776267,-1.6274496204380495,0.024564397698473576,0.7947313972360558,-1.623735156457054,-0.024257253308563688,-0.7969167823056804,1.6254119559778109,-0.06655743412371333,-0.6193435819951212,1.5085006742857179,-0.22806295787573974,7.181568505821511,-9.954639280750238,0.3580053480553996,7.134135598343048,-9.923523040394585,-0.27701523147470625,-7.191138762883713,9.913085357300224,-0.16499932917566057,-5.590071356393387,8.445490617024076,-0.019437908283526786,-0.0744548464025704,0.14902872138613427,0.0220280932916442,-0.07423124863388385,0.1476869302414007,-0.017792596025063324,0.07237764571771746,-0.148448941772632,0.028483594577322233,0.052715070737908674,-0.12448051350157203
-0.024793322732780954,0.796660761776267,-1.6274496204380495,0.024564397698473576,0.7947313972360558,-1.623735156457054,-0.024257253308563688,-0.7969167823056804,1.6254119559778109,-0.06655743412371333,-0.6193435819951212,1.5085006742857179,-0.22806295787573974,7.181568505821511,-9.954639280750238,0.3580053480553996,7.134135598343048,-9.923523040394585,-0.27701523147470625,-7.191138762883713,9.913085357300224,-0.16499932917566057,-5.590071356393387,8.445490617024076,-0.019437908283526786,-0.0744548464025704,0.14902872138613427,0.0220280932916442,-0.07423124863388385,0.1476869302414007,-0.017792596025063324,0.07237764571771746,-0.148448941772632,0.028483594577322233,0.052715070737908674,-0.12448051350157203
-0.024793322732780954,0.796660761776267,-1.6274496204380495,0.024564397698473576,0.7947313972360558,-1.623735156457054,-0.024257253308563688,-0.7969167823056804,1.6254119559778109,-0.06655743412371333,-0.6193435819951212,1.5085006742857179,-0.22806295787573974,7.181568505821511,-9.954639280750238,0.3580053480553996,7.134135598343048,-9.923523040394585,-0.27701523147470625,-7.191138762883713,9.913085357300224,-0.16499932917566057,-5.590071356393387,8.445490617024076,-0.019437908283526786,-0.0744548464025704,0.14902872138613427,0.0220280932916442,-0.07423124863388385,0.1476869302414007,-0.017792596025063324,0.07237764571771746,-0.148448941772632,0.028483594577322233,0.052715070737908674,-0.12448051350157203
-0.024793322732780954,0.796660761776267,-1.6274496204380495,0.024564397698473576,0.7947313972360558,-1.623735156457054,-0.024257253308563688,-0.7969167823056804,1.6254119559778109,-0.06655743412371333,-0.6193435819951212,1.5085006742857179,-0.22806295787573974,7.181568505821511,-9.954639280750238,0.3580053480553996,7.134135598343048,-9.923523040394585,-0.27701523147470625,-7.191138762883713,9.913085357300224,-0.16499932917566057,-5.590071356393387,8.445490617024076,-0.019437908283526786,-0.0744548464025704,0.14902872138613427,0.0220280932916442,-0.07423124863388385,0.1476869302414007,-0.017792596025063324,0.07237764571771746,-0.148448941772632,0.028483594577322233,0.052715070737908674,-0.12448051350157203
-0.028138346835341364,0.8120366162591888,-1.650315128386648,0.02803550442545558,0.8100877865832433,-1.6465700672211898,-0.027581742812401524,-0.8124744114525314,1.6482195142770253,-0.06423395499066445,-0.6318902264440582,1.5282118290849613,-0.13292597937483092,6.786364814785148,-8.10480655987541,0.31080131591962,6.750389041469761,-8.11416495843379,-0.18142483926667727,-6.801338294053182,8.078265038811962,-0.18762135103664093,-5.249543557173798,6.909331967954149,-0.022439161891231386,-0.08832652982050908,0.16075401104658146,0.02436798710237924,-0.08796268052521335,0.15948704840914776,-0.020554480620289146,0.08612095798836682,-0.16011762925919337,0.03182255668739559,0.06274351558302023,-0.1342415117817499
-0.028138346835341364,0.8120366162591888,-1.650315128386648,0.02803550442545558,0.8100877865832433,-1.6465700672211898,-0.027581742812401524,-0.8124744114525314,1.6482195142770253,-0.06423395499066445,-0.6318902264440582,1.5282118290849613,-0.13292597937483092,6.786364814785148,-8.10480655987541,0.31080131591962,6.750389041469761,-8.11416495843379,-0.18142483926667727,-6.801338294053182,8.078265038811962,-0.18762135103664093,-5.249543557173798,6.909331967954149,-0.022439161891231386,-0.08832652982050908,0.16075401104658146,0.02436798710237924,-0.08796268052521335,0.15948704840914776,-0.020554480620289146,0.08612095798836682,-0.16011762925919337,0.03182255668739559,0.06274351558302023,-0.1342415117817499
-0.028138346835341364,0.8120366162591888,-1.650315128386648,0.02803550442545558,0.8100877865832433,-1.6465700672211898,-0.027581742812401524,-0.8124744114525314,1.6482195142770253,-0.06423395499066445,-0.6318902264440582,1.5282118290849613,-0.13292597937483092,6.786364814785148,-8.10480655987541,0.31080131591962,6.750389041469761,-8.11416495843379,-0.18142483926667727,-6.801338294053182,8.078265038811962,-0.18762135103664093,-5.249543557173798,6.909331967954149,-0.022439161891231386,-0.08832652982050908,0.16075401104658146,0.02436798710237924,-0.08796268052521335,0.15948704840914776,-0.020554480620289146,0.08612095798836682,-0.16011762925919337,0.03182255668739559,0.06274351558302023,-0.1342415117817499
-0.028138346835341364,0.8120366162591888,-1.650315128386648,0.02803550442545558,0.8100877865832433,-1.6465700672211898,-0.027581742812401524,-0.8124744114525314,1.6482195142770253,-0.06423395499066445,-0.6318902264440582,1.5282118290849613,-0.13292597937483092,6.786364814785148,-8.10480655987541,0.31080131591962,6.750389041469761,-8.11416495843379,-0.18142483926667727,-6.801338294053182,8.078265038811962,-0.18762135103664093,-5.249543557173798,6.909331967954149,-0.022439161891231386,-0.08832652982050908,0.16075401104658146,0.02436798710237924,-0.08796268052521335,0.15948704840914776,-0.020554480620289146,0.08612095798836682,-0.16011762925919337,0.03182255668739559,0.06274351558302023,-0.1342415117817499
-0.028138346835341364,0.8120366162591888,-1.650315128386648,0.02803550442545558,0.8100877865832433,-1.6465700672211898,-0.027581742812401524,-0.8124744114525314,1.6482195142770253,-0.06423395499066445,-0.6318902264440582,1.5282118290849613,-0.13292597937483092,6.786364814785148,-8.10480655987541,0.31080131591962,6.750389041469761,-8.11416495843379,-0.18142483926667727,-6.801338294053182,8.078265038811962,-0.18762135103664093,-5.249543557173798,6.909331967954149,-0.022439161891231386,-0.08832652982050908,0.16075401104658146,0.02436798710237924,-0.08796268052521335,0.15948704840914776,-0.020554480620289146,0.08612095798836682,-0.16011762925919337,0.03182255668739559,0.06274351558302023,-0.1342415117817499
-0.030854264136803245,0.8249311524696651,-1.6687593309566164,0.03093037405881111,0.8230265542702428,-1.6650843163190487,-0.030280402910767546,-0.8255844076630603,1.6666291228133794,-0.06234767204589681,-0.6422967868603525,1.544026828632721,-0.013820904679661385,6.353408605631776,-6.159229823477891,0.2427487070179598,6.33193719284269,-6.212821112387486,-0.060276178773020314,-6.373501067254215,6.148340772357691,-0.21547836076507487,-4.882466834904575,5.292952916241313,-0.025297581459650702,-0.102926529440211,0.1685166508614804,0.02639316633619361,-0.10241892133149826,0.16741447371784562,-0.02318621110790037,0.10057930017800519,-0.16786868088837215,0.034816222760465976,0.0734285170838892,-0.14095008268129733
-0.030854264136803245,0.8249311524696651,-1.6687593309566164,0.03093037405881111,0.8230265542702428,-1.6650843163190487,-0.030280402910767546,-0.8255844076630603,1.6666291228133794,-0.06234767204589681,-0.6422967868603525,1.544026828632721,-0.013820904679661385,6.353408605631776,-6.159229823477891,0.2427487070179598,6.33193719284269,-6.212821112387486,-0.060276178773020314,-6.373501067254215,6.148340772357691,-0.21547836076507487,-4.882466834904575,5.292952916241313,-0.025297581459650702,-0.102926529440211,0.1685166508614804,0.02639316633619361,-0.10241892133149826,0.16741447371784562,-0.02318621110790037,0.10057930017800519,-0.16786868088837215,0.034816222760465976,0.0734285170838892,-0.14095008268129733
-0.030854264136803245,0.8249311524696651,-1.6687593309566164,0.03093037405881111,0.8230265542702428,-1.6650843163190487,-0.030280402910767546,-0.8255844076630603,1.6666291228133794,-0.06234767204589681,-0.6422967868603525,1.544026828632721,-0.013820904679661385,6.353408605631776,-6.159229823477891,0.2427487070179598,6.33193719284269,-6.212821112387486,-0.060276178773020314,-6.373501067254215,6.148340772357691,-0.21547836076507487,-4.882466834904575,5.292952916241313,-0.025297581459650702,-0.102926529440211,0.1685166508614804,0.02639316633619361,-0.10241892133149826,0.16741447371784562,-0.02318621110790037,0.10057930017800519,-0.16786868088837215,0.034816222760465976,0.0734285170838892,-0.14095008268129733
-0.030854264136803245,0.8249311524696651,-1.6687593309566164,0.03093037405881111,0.8230265542702428,-1.6650843163190487,-0.030280402910767546,-0.8255844076630603,1.6666291228133794,-0.06234767204589681,-0.6422967868603525,1.544026828632721,-0.013820904679661385,6.353408605631776,-6.159229823477891,0.2427487070179598,6.33193719284269,-6.212821112387486,-0.060276178773020314,-6.373501067254215,6.148340772357691,-0.21547836076507487,-4.882466834904575,5.292952916241313,-0.025297581459650702,-0.102926529440211,0.1685166508614804,0.02639316633619361,-0.10241892133149826,0.16741447371784562,-0.02318621110790037,0.10057930017800519,-0.16786868088837215,0.034816222760465976,0.0734285170838892,-0.14095008268129733
-0.030854264136803245,0.8249311524696651,-1.6687593309566164,0.03093037405881111,0.8230265542702428,-1.6650843163190487,-0.030280402910767546,-0.8255844076630603,1.6666291228133794,-0.06234767204589681,-0.6422967868603525,1.544026828632721,-0.013820904679661385,6.353408605631776,-6.159229823477891,0.2427487070179598,6.33193719284269,-6.212821112387486,-0.060276178773020314,-6.373501067254215,6.148340772357691,-0.21547836076507487,-4.882466834904575,5.292952916241313,-0.025297581459650702,-0.102926529440211,0.1685166508614804,0.02639316633619361,-0.10241892133149826,0.16741447371784562,-0.02318621110790037,0.10057930017800519,-0.16786868088837215,0.034816222760465976,0.0734285170838892,-0.14095008268129733
-0.032868567276605996,0.8352510695547138,-1.6827827843493228,0.03317846347412751,0.833461640133729,-1.6792841601609882,-0.03227958487891972,-0.8361530732392717,1.6806389544354883,-0.060935528155704105,-0.6505064441454323,1.5559389912410562,0.12667937869553533,5.880465579564575,-4.149229653920506,0.15404458774934615,5.876523876010038,-4.24932874072502,0.08402127657365953,-5.905433606156164,4.15408076194296,-0.2477052901070801,-4.488653093470986,3.620869580711831,-0.028031058754669498,-0.11817601635397834,0.17202740731161914,0.02812030285916221,-0.1175269108869344,0.17118403562940276,-0.025712308549343834,0.11567317951431991,-0.17141581875860892,0.03744444777728196,0.08471138153304619,-0.14436383964685007
-0.032868567276605996,0.8352510695547138,-1.6827827843493228,0.03317846347412751,0.833461640133729,-1.6792841601609882,-0.03227958487891972,-0.8361530732392717,1.6806389544354883,-0.060935528155704105,-0.6505064441454323,1.5559389912410562,0.12667937869553533,5.880465579564575,-4.149229653920506,0.15404458774934615,5.876523876010038,-4.24932874072502,0.08402127657365953,-5.905433606156164,4.15408076194296,-0.2477052901070801,-4.488653093470986,3.620869580711831,-0.028031058754669498,-0.11817601635397834,0.17202740731161914,0.02812030285916221,-0.1175269108869344,0.17118403562940276,-0.025712308549343834,0.11567317951431991,-0.17141581875860892,0.03744444777728196,0.08471138153304619,-0.14436383964685007
-0.032868567276605996,0.8352510695547138,-1.6827827843493228,0.03317846347412751,0.833461640133729,-1.6792841601609882,-0.03227958487891972,-0.8361530732392717,1.6806389544354883,-0.060935528155704105,-0.6505064441454323,1.5559389912410562,0.12667937869553533,5.880465579564575,-4.149229653920506,0.15404458774934615,5.876523876010038,-4.24932874072502,0.08402127657365953,-5.905433606156164,4.15408076194296,-0.2477052901070801,-4.488653093470986,3.620869580711831,-0.028031058754669498,-0.11817601635397834,0.17202740731161914,0.02812030285916221,-0.1175269108869344,0.17118403562940276,-0.025712308549343834,0.11567317951431991,-0.17141581875860892,0.03744444777728196,0.08471138153304619,-0.14436383964685007
-0.032868567276605996,0.8352510695547138,-1.6827827843493228,0.03317846347412751,0.833461640133729,-1.6792841601609882,-0.03227958487891972,-0.8361530732392717,1.6806389544354883,-0.060935528155704105,-0.6505064441454323,1.5559389912410562,0.12667937869553533,5.880465579564575,-4.149229653920506,0.15404458774934615,5.876523876010038,-4.24932874072502,0.08402127657365953,-5.905433606156164,4.15408076194296,-0.2477052901070801,-4.488653093470986,3.620869580711831,-0.028031058754669498,-0.11817601635397834,0.17202740731161914,0.02812030285916221,-0.1175269108869344,0.17118403562940276,-0.025712308549343834,0.11567317951431991,-0.17141581875860892,0.03744444777728196,0.08471138153304619,-0.14436383964685007
-0.032868567276605996,0.8352510695547138,-1.6827827843493228,0.03317846347412751,0.833461640133729,-1.6792841601609882,-0.03227958487891972,-0.8361530732392717,1.6806389544354883,-0.060935528155704105,-0.6505064441454323,1.5559389912410562,0.12667937869553533,5.880465579564575,-4.149229653920506,0.15404458774934615,5.876523876010038,-4.24932874072502,0.08402127657365953,-5.905433606156164,4.15408076194296,-0.2477052901070801,-4.488653093470986,3.620869580711831,-0.028031058754669498,-0.11817601635397834,0.17202740731161914,0.02812030285916221,-0.1175269108869344,0.17118403562940276,-0.025712308549343834,0.11567317951431991,-0.17141581875860892,0.03744444777728196,0.08471138153304619,-0.14436383964685007
-0.03412991678037703,0.8429137830902905,-1.6924005363305947,0.03472649366331024,0.8413157511520466,-1.689186941394149,-0.033526375145602964,-0.8440971884287789,1.6902614358164472,-0.060021359934062414,-0.6564750634174372,1.5639567185360017,0.2840176041577247,5.3652370608833415,-2.107919469440821,0.04607537953889612,5.381681702592431,-2.2550416621080966,0.2470363518490662,-5.394885818114627,2.128108970670057,-0.2831771855389672,-4.0676009458874605,1.9185283861398341,-0.030659828849036758,-0.13397433988598975,0.17112982215900072,0.02957842053776865,-0.13319310738422926,0.1706391170189616,-0.02815973693578221,0.13130175555658197,-0.1706036029845943,0.03969613934866625,0.09651752992285928,-0.1443381847873201
-0.03412991678037703,0.8429137830902905,-1.6924005363305947,0.03472649366331024,0.8413157511520466,-1.689186941394149,-0.033526375145602964,-0.8440971884287789,1.6902614358164472,-0.060021359934062414,-0.6564750634174372,1.5639567185360017,0.2840176041577247,5.3652370608833415,-2.107919469440821,0.04607537953889612,5.381681702592431,-2.2550416621080966,0.2470363518490662,-5.394885818114627,2.128108970670057,-0.2831771855389672,-4.0676009458874605,1.9185283861398341,-0.030659828849036758,-0.13397433988598975,0.17112982215900072,0.02957842053776865,-0.13319310738422926,0.1706391170189616,-0.02815973693578221,0.13130175555658197,-0.1706036029845943,0.03969613934866625,0.09651752992285928,-0.1443381847873201
-0.03412991678037703,0.8429137830902905,-1.6924005363305947,0.03472649366331024,0.8413157511520466,-1.689186941394149,-0.033526375145602964,-0.8440971884287789,1.6902614358164472,-0.060021359934062414,-0.6564750634174372,1.5639567185360017,0.2840176041577247,5.3652370608833415,-2.107919469440821,0.04607537953889612,5.381681702592431,-2.2550416621080966,0.2470363518490662,-5.394885818114627,2.128108970670057,-0.2831771855389672,-4.0676009458874605,1.9185283861398341,-0.030659828849036758,-0.13397433988598975,0.17112982215900072,0.02957842053776865,-0.13319310738422926,0.1706391170189616,-0.02815973693578221,0.13130175555658197,-0.1706036029845943,0.03969613934866625,0.09651752992285928,-0.1443381847873201
-0.03412991678037703,0.8429137830902905,-1.6924005363305947,0.03472649366331024,0.8413157511520466,-1.689186941394149,-0.033526375145602964,-0.8440971884287789,1.6902614358164472,-0.060021359934062414,-0.6564750634174372,1.5639567185360017,0.2840176041577247,5.3652370608833415,-2.107919469440821,0.04607537953889612,5.381681702592431,-2.2550416621080966,0.2470363518490662,-5.394885818114627,2.128108970670057,-0.2831771855389672,-4.0676009458874605,1.9185283861398341,-0.030659828849036758,-0.13397433988598975,0.17112982215900072,0.02957842053776865,-0.13319310738422926,0.1706391170189616,-0.02815973693578221,0.13130175555658197,-0.1706036029845943,0.03969613934866625,0.09651752992285928,-0.1443381847873201
-0.03412991678037703,0.8429137830902905,-1.6924005363305947,0.03472649366331024,0.8413157511520466,-1.689186941394149,-0.033526375145602964,-0.8440971884287789,1.6902614358164472,-0.060021359934062414,-0.6564750634174372,1.5639567185360017,0.2840176041577247,5.3652370608833415,-2.107919469440821,0.04607537953889612,5.381681702592431,-2.2550416621080966,0.2470363518490662,-5.394885818114627,2.128108970670057,-0.2831771855389672,-4.0676009458874605,1.9185283861398341,-0.030659828849036758,-0.13397433988598975,0.17112982215900072,0.02957842053776865,-0.13319310738422926,0.1706391170189616,-0.02815973693578221,0.13130175555658197,-0.1706036029845943,0.03969613934866625,0.09651752992285928,-0.1443381847873201
-0.034610547685773006,0.8478559763626412,-1.6976530652226351,0.03554044747038201,0.8465280458412806,-1.6948314221731027,-0.03399114851182052,-0.8493525907253364,1.695534362195864,-0.0596171900747658,-0.6601746363483554,1.5681116177899366,0.45170523706027793,4.806117634987818,-0.06950333849155982,-0.07840356967006894,4.8454416032315235,-0.2622290093146183,0.4223346301788957,-4.840305889647095,0.10420369189241013,-0.3205149337099036,-3.6189174457383864,0.21200018992768738,-0.03320040525743869,-0.15019293867462621,0.16579333651563996,0.03080491015858986,-0.14929745719523005,0.16574464400088684,-0.03055167348628001,0.14733674363217922,-0.16540065209226612,0.041566729402165756,0.10875328235259953,-0.14082037282039958
-0.034610547685773006,0.8478559763626412,-1.6976530652226351,0.03554044747038201,0.8465280458412806,-1.6948314221731027,-0.03399114851182052,-0.8493525907253364,1.695534362195864,-0.0596171900747658,-0.6601746363483554,1.5681116177899366,0.45170523706027793,4.806117634987818,-0.06950333849155982,-0.07840356967006894,4.8454416032315235,-0.2622290093146183,0.4223346301788957,-4.840305889647095,0.10420369189241013,-0.3205149337099036,-3.6189174457383864,0.21200018992768738,-0.03320040525743869,-0.15019293867462621,0.16579333651563996,0.03080491015858986,-0.14929745719523005,0.16574464400088684,-0.03055167348628001,0.14733674363217922,-0.16540065209226612,0.041566729402165756,0.10875328235259953,-0.14082037282039958
-0.034610547685773006,0.8478559763626412,-1.6976530652226351,0.03554044747038201,0.8465280458412806,-1.6948314221731027,-0.03399114851182052,-0.8493525907253364,1.695534362195864,-0.0596171900747658,-0.6601746363483554,1.5681116177899366,0.45170523706027793,4.806117634987818,-0.06950333849155982,-0.07840356967006894,4.8454416032315235,-0.2622290093146183,0.4223346301788957,-4.840305889647095,0.10420369189241013,-0.3205149337099036,-3.6189174457383864,0.21200018992768738,-0.03320040525743869,-0.15019293867462621,0.16579333651563996,0.03080491015858986,-0.14929745719523005,0.16574464400088684,-0.03055167348628001,0.14733674363217922,-0.16540065209226612,0.041566729402165756,0.10875328235259953,-0.14082037282039958
-0.034610547685773006,0.8478559763626412,-1.6976530652226351,0.03554044747038201,0.8465280458412806,-1.6948314221731027,-0.03399114851182052,-0.8493525907253364,1.695534362195864,-0.0596171900747658,-0.6601746363483554,1.5681116177899366,0.45170523706027793,4.806117634987818,-0.06950333849155982,-0.07840356967006894,4.8454416032315235,-0.2622290093146183,0.4223346301788957,-4.840305889647095,0.10420369189241013,-0.3205149337099036,-3.6189174457383864,0.21200018992768738,-0.03320040525743869,-0.15019293867462621,0.16579333651563996,0.03080491015858986,-0.14929745719523005,0.16574464400088684,-0.03055167348628001,0.14733674363217922,-0.16540065209226612,0.041566729402165756,0.10875328235259953,-0.14082037282039958
-0.034610547685773006,0.8478559763626412,-1.6976530652226351,0.03554044747038201,0.8465280458412806,-1.6948314221731027,-0.03399114851182052,-0.8493525907253364,1.695534362195864,-0.0596171900747658,-0.6601746363483554,1.5681116177899366,0.45170523706027793,4.806117634987818,-0.06950333849155982,-0.07840356967006894,4.8454416032315235,-0.2622290093146183,0.4223346301788957,-4.840305889647095,0.10420369189241013,-0.3205149337099036,-3.6189174457383864,0.21200018992768738,-0.03320040525743869,-0.15019293867462621,0.16579333651563996,0.03080491015858986,-0.14929745719523005,0.16574464400088684,-0.03055167348628001,0.14733674363217922,-0.16540065209226612,0.041566729402165756,0.10875328235259953,-0.14082037282039958
-0.034309702138071836,0.8500381727732735,-1.6986025116256027,0.035609080729442806,0.849057989830938,-1.696273804448399,-0.033671205150844215,-0.8518788212556591,1.696517290946912,-0.05972119472056761,-0.6615942778943905,1.5684525643925735,0.6216706394836208,4.2029644580445575,1.9315913318637354,-0.21522723010804282,4.267073554480115,1.696683848290055,0.6017866153082344,-4.24160914297855,-1.8835601759213345,-0.3581140441137225,-3.1427975353836852,-1.4725328949817003,-0.035662178142901686,-0.1666769768443969,0.1561183433768588,0.03184298906666618,-0.16569480037158454,0.1565920651731038,-0.03290382495883342,0.1636239919104099,-0.15590484977966387,0.04305935005235074,0.1213074201856428,-0.1338563939690799
-0.034309702138071836,0.8500381727732735,-1.6986025116256027,0.035609080729442806,0.849057989830938,-1.696273804448399,-0.033671205150844215,-0.8518788212556591,1.696517290946912,-0.05972119472056761,-0.6615942778943905,1.5684525643925735,0.6216706394836208,4.2029644580445575,1.9315913318637354,-0.21522723010804282,4.267073554480115,1.696683848290055,0.6017866153082344,-4.24160914297855,-1.8835601759213345,-0.3581140441137225,-3.1427975353836852,-1.4725328949817003,-0.035662178142901686,-0.1666769768443969,0.1561183433768588,0.03184298906666618,-0.16569480037158454,0.1565920651731038,-0.03290382495883342,0.1636239919104099,-0.15590484977966387,0.04305935005235074,0.1213074201856428,-0.1338563939690799
-0.034309702138071836,0.8500381727732735,-1.6986025116256027,0.035609080729442806,0.849057989830938,-1.696273804448399,-0.033671205150844215,-0.8518788212556591,1.696517290946912,-0.05972119472056761,-0.6615942778943905,1.5684525643925735,0.6216706394836208,4.2029644580445575,1.9315913318637354,-0.21522723010804282,4.267073554480115,1.696683848290055,0.6017866153082344,-4.24160914297855,-1.8835601759213345,-0.3581140441137225,-3.1427975353836852,-1.4725328949817003,-0.035662178142901686,-0.1666769768443969,0.1561183433768588,0.03184298906666618,-0.16569480037158454,0.1565920651731038,-0.03290382495883342,0.1636239919104099,-0.15590484977966387,0.04305935005235074,0.1213074201856428,-0.1338563939690799
-0.034309702138071836,0.8500381727732735,-1.6986025116256027,0.035609080729442806,0.849057989830938,-1.696273804448399,-0.033671205150844215,-0.8518788212556591,1.696517290946912,-0.05972119472056761,-0.6615942778943905,1.5684525643925735,0.6216706394836208,4.2029644580445575,1.9315913318637354,-0.21522723010804282,4.267073554480115,1.696683848290055,0.6017866153082344,-4.24160914297855,-1.8835601759213345,-0.3581140441137225,-3.1427975353836852,-1.4725328949817003,-0.035662178142901686,-0.1666769768443969,0.1561183433768588,0.03184298906666618,-0.16569480037158454,0.1565920651731038,-0.03290382495883342,0.1636239919104099,-0.15590484977966387,0.04305935005235074,0.1213074201856428,-0.1338563939690799
-0.034309702138071836,0.8500381727732735,-1.6986025116256027,0.035609080729442806,0.849057989830938,-1.696273804448399,-0.033671205150844215,-0.8518788212556591,1.696517290946912,-0.05972119472056761,-0.6615942778943905,1.5684525643925735,0.6216706394836208,4.2029644580445575,1.9315913318637354,-0.21522723010804282,4.267073554480115,1.696683848290055,0.6017866153082344,-4.24160914297855,-1.8835601759213345,-0.3581140441137225,-3.1427975353836852,-1.4725328949817003,-0.035662178142901686,-0.1666769768443969,0.1561183433768588,0.03184298906666618,-0.16569480037158454,0.1565920651731038,-0.03290382495883342,0.1636239919104099,-0.15590484977966387,0.04305935005235074,0.1213074201856428,-0.1338563939690799
-0.03325536262476279,0.8494481987334557,-1.6953259190443795,0.034946622769137375,0.8488884243021515,-1.6935811947620243,-0.03259274018282867,-0.8516625750814201,1.693284971521792,-0.060315445516252134,-0.6607407497341924,1.5650375525623001,0.7849076704990031,3.55772551795082,3.8616767162876466,-0.3589710437213178,3.6477218719976414,3.5899225179501686,0.7761850648563015,-3.6008081499182447,-3.8017734455104253,-0.39419342447961964,-2.6404652853977244,-3.109281819901521,-0.03804509116846097,-0.18325098798914202,0.14234014222634772,0.03273896188587771,-0.1822199688254663,0.143403462156884,-0.03522171686086107,0.17998916767983475,-0.14234742691460298,0.04418647027419363,0.13405523400215394,-0.12359797559705514
-0.03325536262476279,0.8494481987334557,-1.6953259190443795,0.034946622769137375,0.8488884243021515,-1.6935811947620243,-0.03259274018282867,-0.8516625750814201,1.693284971521792,-0.060315445516252134,-0.6607407497341924,1.5650375525623001,0.7849076704990031,3.55772551795082,3.8616767162876466,-0.3589710437213178,3.6477218719976414,3.5899225179501686,0.7761850648563015,-3.6008081499182447,-3.8017734455104253,-0.39419342447961964,-2.6404652853977244,-3.109281819901521,-0.03804509116846097,-0.18325098798914202,0.14234014222634772,0.03273896188587771,-0.1822199688254663,0.143403462156884,-0.03522171686086107,0.17998916767983475,-0.14234742691460298,0.04418647027419363,0.13405523400215394,-0.12359797559705514
-0.03325536262476279,0.8494481987334557,-1.6953259190443795,0.034946622769137375,0.8488884243021515,-1.6935811947620243,-0.03259274018282867,-0.8516625750814201,1.693284971521792,-0.060315445516252134,-0.6607407497341924,1.5650375525623001,0.7849076704990031,3.55772551795082,3.8616767162876466,-0.3589710437213178,3.6477218719976414,3.5899225179501686,0.7761850648563015,-3.6008081499182447,-3.8017734455104253,-0.39419342447961964,-2.6404652853977244,-3.109281819901521,-0.03804509116846097,-0.18325098798914202,0.14234014222634772,0.03273896188587771,-0.1822199688254663,0.143403462156884,-0.03522171686086107,0.17998916767983475,-0.14234742691460298,0.04418647027419363,0.13405523400215394,-0.12359797559705514
-0.03325536262476279,0.8494481987334557,-1.6953259190443795,0.034946622769137375,0.8488884243021515,-1.6935811947620243,-0.03259274018282867,-0.8516625750814201,1.693284971521792,-0.060315445516252134,-0.6607407497341924,1.5650375525623001,0.7849076704990031,3.55772551795082,3.8616767162876466,-0.3589710437213178,3.6477218719976414,3.5899225179501686,0.7761850648563015,-3.6008081499182447,-3.8017734455104253,-0.39419342447961964,-2.6404652853977244,-3.109281819901521,-0.03804509116846097,-0.18325098798914202,0.14234014222634772,0.03273896188587771,-0.1822199688254663,0.143403462156884,-0.03522171686086107,0.17998916767983475,-0.14234742691460298,0.04418647027419363,0.13405523400215394,-0.12359797559705514
-0.03325536262476279,0.8494481987334557,-1.6953259190443795,0.034946622769137375,0.8488884243021515,-1.6935811947620243,-0.03259274018282867,-0.8516625750814201,1.693284971521792,-0.060315445516252134,-0.6607407497341924,1.5650375525623001,0.7849076704990031,3.55772551795082,3.8616767162876466,-0.3589710437213178,3.6477218719976414,3.5899225179501686,0.7761850648563015,-3.6008081499182447,-3.8017734455104253,-0.39419342447961964,-2.6404652853977244,-3.109281819901521,-0.03804509116846097,-0.18325098798914202,0.14234014222634772,0.03273896188587771,-0.1822199688254663,0.143403462156884,-0.03522171686086107,0.17998916767983475,-0.14234742691460298,0.04418647027419363,0.13405523400215394,-0.12359797559705514
-0.03149897444411897,0.8461133416267753,-1.6879350906039519,0.033588857862038156,0.846037840651119,-1.686852185050332,-0.030805763564048214,-0.8487299547971118,1.6859473064838655,-0.06137187171294722,-0.6576450218511167,1.5579528101783733,0.9323700471309776,2.8748303844629985,5.688885606572478,-0.5033256326096481,2.9908418516566027,5.38727925051279,0.9361282010071937,-2.9224039156963646,-5.618779486956197,-0.4268760751383224,-2.114509590888379,-4.673438001358674,-0.040333786884305334,-0.1997169202923065,0.12479943084252229,0.03353404277703289,-0.19868494162073683,0.12650240068866436,-0.03749435938998241,0.19623573033185251,-0.1250636460998456,0.04496305534557134,0.14685758293954884,-0.11027763586042343
-0.03149897444411897,0.8461133416267753,-1.6879350906039519,0.033588857862038156,0.846037840651119,-1.686852185050332,-0.030805763564048214,-0.8487299547971118,1.6859473064838655,-0.06137187171294722,-0.6576450218511167,1.5579528101783733,0.9323700471309776,2.8748303844629985,5.688885606572478,-0.5033256326096481,2.9908418516566027,5.38727925051279,0.9361282010071937,-2.9224039156963646,-5.618779486956197,-0.4268760751383224,-2.114509590888379,-4.673438001358674,-0.040333786884305334,-0.1997169202923065,0.12479943084252229,0.03353404277703289,-0.19868494162073683,0.12650240068866436,-0.03749435938998241,0.19623573033185251,-0.1250636460998456,0.04496305534557134,0.14685758293954884,-0.11027763586042343
-0.03149897444411897,0.8461133416267753,-1.6879350906039519,0.033588857862038156,0.846037840651119,-1.686852185050332,-0.030805763564048214,-0.8487299547971118,1.6859473064838655,-0.06137187171294722,-0.6576450218511167,1.5579528101783733,0.9323700471309776,2.8748303844629985,5.688885606572478,-0.5033256326096481,2.9908418516566027,5.38727925051279,0.9361282010071937,-2.9224039156963646,-5.618779486956197,-0.4268760751383224,-2.114509590888379,-4.673438001358674,-0.040333786884305334,-0.1997169202923065,0.12479943084252229,0.03353404277703289,-0.19868494162073683,0.12650240068866436,-0.03749435938998241,0.19623573033185251,-0.1250636460998456,0.04496305534557134,0.14685758293954884,-0.11027763586042343
-0.03149897444411897,0.8461133416267753,-1.6879350906039519,0.033588857862038156,0.846037840651119,-1.686852185050332,-0.030805763564048214,-0.8487299547971118,1.6859473064838655,-0.06137187171294722,-0.6576450218511167,1.5579528101783733,0.9323700471309776,2.8748303844629985,5.688885606572478,-0.5033256326096481,2.9908418516566027,5.38727925051279,0.9361282010071937,-2.9224039156963646,-5.618779486956197,-0.4268760751383224,-2.114509590888379,-4.673438001358674,-0.040333786884305334,-0.1997169202923065,0.12479943084252229,0.03353404277703289,-0.19868494162073683,0.12650240068866436,-0.03749435938998241,0.19623573033185251,-0.1250636460998456,0.04496305534557134,0.14685758293954884,-0.11027763586042343
-0.03149897444411897,0.8461133416267753,-1.6879350906039519,0.033588857862038156,0.846037840651119,-1.686852185050332,-0.030805763564048214,-0.8487299547971118,1.6859473064838655,-0.06137187171294722,-0.6576450218511167,1.5579528101783733,0.9323700471309776,2.8748303844629985,5.688885606572478,-0.5033256326096481,2.9908418516566027,5.38727925051279,0.9361282010071937,-2.9224039156963646,-5.618779486956197,-0.4268760751383224,-2.114509590888379,-4.673438001358674,-0.040333786884305334,-0.1997169202923065,0.12479943084252229,0.03353404277703289,-0.19868494162073683,0.12650240068866436,-0.03749435938998241,0.19623573033185251,-0.1250636460998456,0.04496305534557134,0.14685758293954884,-0.11027763586042343
-0.02911304266865163,0.8401014330368215,-1.6765693886123705,0.03159246750635968,0.8405620670374732,-1.6762106802440717,-0.02838183426594037,-0.8431475687757023,1.6746422054709371,-0.06285134130394188,-0.6523628277918984,1.547306150320483,1.0559313623038347,2.1613567531644553,7.383920522353546,-0.6416422699171414,2.302441557065824,7.060729742647775,1.072995670157696,-2.2135497757001357,-7.3054377000862685,-0.45429866915930167,-1.5691310777762075,-6.1415014643516725,-0.042499144125307455,-0.21586483612901516,0.1039385345863663,0.03426212783327978,-0.2148884686115112,0.1063107851458985,-0.03969531207193498,0.21215563365102105,-0.10448921304884437,0.04540761613105782,0.1595675186563437,-0.09420996964869402
-0.02911304266865163,0.8401014330368215,-1.6765693886123705,0.03159246750635968,0.8405620670374732,-1.6762106802440717,-0.02838183426594037,-0.8431475687757023,1.6746422054709371,-0.06285134130394188,-0.6523628277918984,1.547306150320483,1.0559313623038347,2.1613567531644553,7.383920522353546,-0.6416422699171414,2.302441557065824,7.060729742647775,1.072995670157696,-2.2135497757001357,-7.3054377000862685,-0.45429866915930167,-1.5691310777762075,-6.1415014643516725,-0.042499144125307455,-0.21586483612901516,0.1039385345863663,0.03426212783327978,-0.2148884686115112,0.1063107851458985,-0.03969531207193498,0.21215563365102105,-0.10448921304884437,0.04540761613105782,0.1595675186563437,-0.09420996964869402
-0.02911304266865163,0.8401014330368215,-1.6765693886123705,0.03159246750635968,0.8405620670374732,-1.6762106802440717,-0.02838183426594037,-0.8431475687757023,1.6746422054709371,-0.06285134130394188,-0.6523628277918984,1.547306150320483,1.0559313623038347,2.1613567531644553,7.383920522353546,-0.6416422699171414,2.302441557065824,7.060729742647775,1.072995670157696,-2.2135497757001357,-7.3054377000862685,-0.45429866915930167,-1.5691310777762075,-6.1415014643516725,-0.042499144125307455,-0.21586483612901516,0.1039385345863663,0.03426212783327978,-0.2148884686115112,0.1063107851458985,-0.03969531207193498,0.21215563365102105,-0.10448921304884437,0.04540761613105782,0.1595675186563437,-0.09420996964869402
-0.02911304266865163,0.8401014330368215,-1.6765693886123705,0.03159246750635968,0.8405620670374732,-1.6762106802440717,-0.02838183426594037,-0.8431475687757023,1.6746422054709371,-0.06285134130394188,-0.6523628277918984,1.547306150320483,1.0559313623038347,2.1613567531644553,7.383920522353546,-0.6416422699171414,2.302441557065824,7.060729742647775,1.072995670157696,-2.2135497757001357,-7.3054377000862685,-0.45429866915930167,-1.5691310777762075,-6.1415014643516725,-0.042499144125307455,-0.21586483612901516,0.1039385345863663,0.03426212783327978,-0.2148884686115112,0.1063107851458985,-0.03969531207193498,0.21215563365102105,-0.10448921304884437,0.04540761613105782,0.1595675186563437,-0.09420996964869402
-0.02911304266865163,0.8401014330368215,-1.6765693886123705,0.03159246750635968,0.8405620670374732,-1.6762106802440717,-0.02838183426594037,-0.8431475687757023,1.6746422054709371,-0.06285134130394188,-0.6523628277918984,1.547306150320483,1.0559313623038347,2.1613567531644553,7.383920522353546,-0.6416422699171414,2.302441557065824,7.060729742647775,1.072995670157696,-2.2135497757001357,-7.3054377000862685,-0.45429866915930167,-1.5691310777762075,-6.1415014643516725,-0.042499144125307455,-0.21586483612901516,0.1039385345863663,0.03426212783327978,-0.2148884686115112,0.1063107851458985,-0.03969531207193498,0.21215563365102105,-0.10448921304884437,0.04540761613105782,0.1595675186563437,-0.09420996964869402
-0.02618758399689699,0.8315195847190645,-1.6613889094483267,0.029033169352699485,0.8325539477012339,-1.661800142737463,-0.025410575410927973,-0.8350212220794717,1.659528720738657,-0.06470304298728737,-0.6449746524583956,1.533221277033183,1.149240172012897,1.4268934407526879,8.92064588828837,-0.7675711878323604,1.5910346323382674,8.584956407719947,1.1798469530290936,-1.4839068961413544,-8.835738306903052,-0.47474382261832887,-1.0102069385708419,-7.491611722701784,-0.044502415141399666,-0.23148552177872117,0.0802945789908561,0.03494913334830628,-0.23062764098174282,0.08334292042307657,-0.04178646273423837,0.22754196923899914,-0.08115363074079843,0.04554352750478279,0.17203780995836662,-0.07579042603870392
-0.02618758399689699,0.8315195847190645,-1.6613889094483267,0.029033169352699485,0.8325539477012339,-1.661800142737463,-0.025410575410927973,-0.8350212220794717,1.659528720738657,-0.06470304298728737,-0.6449746524583956,1.533221277033183,1.149240172012897,1.4268934407526879,8.92064588828837,-0.7675711878323604,1.5910346323382674,8.584956407719947,1.1798469530290936,-1.4839068961413544,-8.835738306903052,-0.47474382261832887,-1.0102069385708419,-7.491611722701784,-0.044502415141399666,-0.23148552177872117,0.0802945789908561,0.03494913334830628,-0.23062764098174282,0.08334292042307657,-0.04178646273423837,0.22754196923899914,-0.08115363074079843,0.04554352750478279,0.17203780995836662,-0.07579042603870392
-0.02618758399689699,0.8315195847190645,-1.6613889094483267,0.029033169352699485,0.8325539477012339,-1.661800142737463,-0.025410575410927973,-0.8350212220794717,1.659528720738657,-0.06470304298728737,-0.6449746524583956,1.533221277033183,1.149240172012897,1.4268934407526879,8.92064588828837,-0.7675711878323604,1.5910346323382674,8.584956407719947,1.1798469530290936,-1.4839068961413544,-8.835738306903052,-0.47474382261832887,-1.0102069385708419,-7.491611722701784,-0.044502415141399666,-0.23148552177872117,0.0802945789908561,0.03494913334830628,-0.23062764098174282,0.08334292042307657,-0.04178646273423837,0.22754196923899914,-0.08115363074079843,0.04554352750478279,0.17203780995836662,-0.07579042603870392
-0.02618758399689699,0.8315195847190645,-1.6613889094483267,0.029033169352699485,0.8325539477012339,-1.661800142737463,-0.025410575410927973,-0.8350212220794717,1.659528720738657,-0.06470304298728737,-0.6449746524583956,1.533221277033183,1.149240172012897,1.4268934407526879,8.92064588828837,-0.7675711878323604,1.5910346323382674,8.584956407719947,1.1798469530290936,-1.4839068961413544,-8.835738306903052,-0.47474382261832887,-1.0102069385708419,-7.491611722701784,-0.044502415141399666,-0.23148552177872117,0.0802945789908561,0.03494913334830628,-0.23062764098174282,0.08334292042307657,-0.04178646273423837,0.22754196923899914,-0.08115363074079843,0.04554352750478279,0.17203780995836662,-0.07579042603870392
-0.02618758399689699,0.8315195847190645,-1.6613889094483267,0.029033169352699485,0.8325539477012339,-1.661800142737463,-0.025410575410927973,-0.8350212220794717,1.659528720738657,-0.06470304298728737,-0.6449746524583956,1.533221277033183,1.149240172012897,1.4268934407526879,8.92064588828837,-0.7675711878323604,1.5910346323382674,8.584956407719947,1.1798469530290936,-1.4839068961413544,-8.835738306903052,-0.47474382261832887,-1.0102069385708419,-7.491611722701784,-0.044502415141399666,-0.23148552177872117,0.0802945789908561,0.03494913334830628,-0.23062764098174282,0.08334292042307657,-0.04178646273423837,0.22754196923899914,-0.08115363074079843,0.04554352750478279,0.17203780995836662,-0.07579042603870392
